desc_id,staid,description
1,F001,
2,F002,FLOWING WELL 2
3,F007,FLOWING WELL 7
4,F009,FLOWING WELL 9
5,F015,FLOWING WELL 15
6,F016,FLOWING WELL 16
7,F018,FLOWING WELL 18
8,F022,FLOWING WELL 22
9,F023,FLOWING WELL 23
10,F024,FLOWING WELL 24
11,F025,FLOWING WELL 25
12,F026,FLOWING WELL 26
13,F027,FLOWING WELL 27
14,F028,FLOWING WELL 28
15,F029,FLOWING WELL 29
16,F030,FLOWING WELL 30
17,F031,FLOWING WELL 31
18,F032,FLOWING WELL 32
19,F033,FLOWING WELL 33
20,F034,FLOWING WELL 34 N/WL=20
21,F035,FLOWING WELL 35
22,F036,FLOWING WELL 36
23,F037,FLOWING WELL 37
24,F038,FLOWING WELL 38 S/WL=80
25,F039,FLOWING WELL 39
26,F040,FLOWING WELL 40
27,F041,FLOWING WELL 41 S/WL=90
28,F042,FLOWING WELL 42
29,F043,FLOWING WELL 43 N/WL=10
30,F044,FLOWING WELL 44
31,F044A,FLOWING WELL 44A
32,F045,FLOWING WELL 45
33,F045A,FLOWING WELL 45A
34,F046,FLOWING WELL 46
35,F048,FLOWING WELL 48
36,F049,FLOWING WELL 49
37,F052,FLOWING WELL 52
38,F053,FLOWING WELL 53
39,F054,FLOWING WELL 54
40,F058,FLOWING WELL 58
41,F077,FLOWING WELL 77
42,F082,FLOWING WELL 82    (COUNTY WELL-FLOWS WHEN OFF)
43,F083,FLOWING WELL 83
44,F084,FLOWING WELL 84    (MANZANAR AIRPORT WELL)
45,F085,FLOWING WELL 85
46,F103,FLOWING WELL 103
47,F104,FLOWING WELL 104
48,F105,FLOWING WELL 105
49,F121,FLOWING WELL # 121
50,F122,FLOWING WELL # 122
51,F123,FLOWING WELL # 123
52,F124,FLOWING WELL # 124
53,F125,FLOWING WELL # 125
54,F126,FLOWING WELL # 126
55,F127,FLOWING WELL # 127
56,F128,FLOWING WELL # 128
57,F129,FLOWING WELL # 129
58,F130,FLOWING WELL # 130
59,F131,FLOWING WELL # 131
60,F132,FLOWING WELL # 132
61,F133,FLOWING WELL # 133
62,F134,FLOWING WELL # 134
63,F136,FLOWING WELL # 136
64,F161,FLOWING WELL 161
65,F173,FLOWING WELL 173   (WINTERTON SLOUGH WELL)
66,F366,FLOWING WELL 366
67,F367,FLOWING WELL 367   (DUCK LAKE)
68,F368,FLOWING WELL 368
69,F380,FLOWING WELL 380   (BLACKROCK NORTH E&M WELL)
70,F381,FLOWING WELL 381   (BLACKROCK SOUTH E&M WELL)
71,F382,FLOWING WELL 382   (THIBAUT E&M WELL)
72,F391,FLOWING WELL 391
73,F392,FLOWING WELL 392  (N.B. AITKEN WELL)
74,F418,"""FLOWING WELL 418  N/O MAZOURKA V008GP;6"""" LINE (1600 AF)"""
75,F419,FLOWING WELL 419  HMSTD NEAR F044A #2 (1600 ACFT)
76,F420,FLOWING WELL 420  NW/O F368 (1600 ACFT)
77,F421,"""FLOWING WELL 421  HMSTD T774,T774,T776,T777 (1600 ACFT)"""
78,V082,GEORGES CREEK WELL # 82(INYO COUNTY WELL FOR DIAZ LAKE)
79,V404,OBSERVATION WELL 404  (THORNBURGH IRR.WELL-OLANCHA)
80,V405,OBSERVATION WELL 405  (LACY IRR.WELL-OLANCHA)
81,V833,NEW STEWARD RANCH WELL
82,V835,HIGHWAY WELL # 1
83,V836,MARJORIE GREEN WELL
84,V837,HIGHWAY WELL # 3
85,V838,CHARLES E. CROW WELL
86,V839,THOMAS AULT WELL
87,V840,NETTIE AULT WELL
88,V841,ANNA DISSELLISS WELL
89,V859,OBSERVATION WELL V859(MANZANAR DOMESTIC WELL)
90,V874,KEN STEWARD LOWER WELL
91,W015,WELL 015
92,W016,WELL 016
93,W057,WELL 57   (PUMPING WELL #57)
94,W059,WELL 59   (PUMPING WELL #59)
95,W060,WELL 60   (PUMPING WELL #60)
96,W061,WELL 61   (PUMPING WELL #61)
97,W063,WELL 63   (PUMPING WELL #63)
98,W065,WELL 65   (PUMPING WELL #65)
99,W066,WELL 66   (PUMPING WELL #66)
100,W067,WELL 067   (PUMPING WELL #67)
101,W068,WELL 068   (PUMPING WELL #68)
102,W069,WELL 69   (PUMPING WELL #69)
103,W073,WELL 073   (PUMPING WELL #73)
104,W074,WELL 74   (PUMPING WELL #74)
105,W075,WELL 75   (PUMPING WELL #75)
106,W076,WELL 76   (PUMPING WELL #76)
107,W077,WELL 77   (PUMPING WELL #77)
108,W092,WELL 92   (PUMPING WELL #92)
109,W095,WELL 95   (PUMPING WELL #95)
110,W096,WELL 96   (PUMPING WELL #96)
111,W099,WELL 99   (MANZANAR E&M WELL #99)
112,W103,WELL 103  (PUMPING WELL #103)
113,W104,WELL 104  (PUMPING WELL #104)
114,W106,WELL 106  (PUMPING WELL #106)
115,W108,WELL 108
116,W109,WELL 109  (PUMPING WELL #109)
117,W110,WELL 110  (PUMPING WELL #110)
118,W111,WELL 111  (PUMPING WELL #111)
119,W114,WELL 114  (PUMPING WELL #114)
120,W116,WELL 116
121,W118,WELL 118  (PUMPING WELL #118)
122,W137,WELL # 137
123,W138,WELL # 138
124,W139,WELL # 139
125,W140,WELL # 140
126,W141,WELL # 141
127,W155,WELL 155  (PUMPING WELL #155)
128,W159,WELL 159  (PUMPING WELL #159)
129,W203,WELL # 203
130,W207,WELL # 207
131,W208,WELL # 208
132,W210,WELL # 210
133,W218,WELL # 218
134,W219,WELL # 219
135,W220,WELL # 220
136,W222,WELL # 222
137,W223,WELL # 223
138,W228,WELL # 228
139,W229,WELL # 229
140,W230,WELL # 230
141,W231,WELL # 231
142,W232,WELL # 232
143,W233,WELL # 233
144,W235,WELL # 235
145,W236,WELL # 236
146,W238,WELL # 238
147,W239,WELL # 239
148,W240,WELL # 240
149,W241,WELL # 241
150,W242,WELL # 242
151,W243,WELL # 243
152,W244,WELL # 244
153,W245,WELL # 245
154,W246,WELL # 246
155,W247,WELL # 247
156,W248,WELL # 248
157,W249,WELL # 249
158,W250,WELL # 250
159,W251,WELL # 251
160,W330,WELL # 330
161,W331,WELL # 331
162,W332,WELL # 332
163,W341,WELL # 341  BIG PINE TOWN SUPPLY WELL
164,W342,WELL 342  (PUMPING WELL #342)
165,W343,WELL 343  (PUMPING WELL #343)
166,W344,WELL 344  (L.P.DOMESTIC WELL #344)
167,W345,WELL 345  (PUMPING WELL #345)
168,W346,WELL 346  (L.P.DOMESTIC WELL)
169,W346A,WELL 346A (INYO COUNTY PUMP BACK FOR DIAZ LAKE)
170,W347,WELL 347  (PUMPING WELL #347)
171,W348,WELL 348  (PUMPING WELL #348)
172,W349,WELL 349  (PUMPING WELL #349 @ CHARLIES BUTTE)
173,W351,WELL 351  (PUMPING WELL #351;BLACKROCK BACKUP WELL)
174,W352,WELL # 352  BIG PINE TOWN SUPPLY WELL (BACKUP)
175,W353,WELL 353  (PUMPING WELL #353)
176,W354,WELL # 354 LAWS DOMESTIC
177,W355,WELL 355  (1600 ACFT)
178,W356,WELL 356  (PUMPING WELL #356;BLACKROCK HATCHERY WELL)
179,W357,WELL 357  (INDEPENDENCE TOWN SUPPLY WELL #357)
180,W365,WELL # 365
181,W370,WELL 370  (PUMPING WELL #370)
182,W371,WELL # 371
183,W374,WELL # 374
184,W375,WELL # 375
185,W376,WELL # 376
186,W377,WELL # 377
187,W378,WELL # 378
188,W379,WELL # 379
189,W380,WELL 380  (BLACKROCK E&M NORTH WELL)
190,W381,WELL 381  (BLACKROCK E&M SOUTH WELL)
191,W382,WELL 382  (THIBAUT E&M WELL #382)
192,W383,WELL 383  (INDEPENDENCE TREE FARM E&M WELL #383)
193,W384,WELL 384  (E&M WELL #384-S.E.CORNER OF INDEPENDENCE)
194,W384A,WELL 384A INDEPENDENCE DOMESTIC BACKUP WELL
195,W385,WELL # 385
196,W386,WELL # 386
197,W387,WELL # 387
198,W388,WELL # 388
199,W389,WELL # 389
200,W390,WELL 390  (VAN NORMAN FIELD E&M WELL #390)
201,W391,WELL 391  (PUMPING WELL #391)
202,W392,WELL 392  (PUMPING WELL #392)
203,W393,WELL 393  (PUMPING WELL #393)
204,W394,WELL 394  (PUMPING WELL #394)
205,W395,WELL 395  (PUMPING WELL #395)
206,W396,WELL 396  (PUMPING WELL #396)
207,W398,WELL # 398
208,W399,WELL # 399
209,W400,WELL 400  (PUMPING WELL #400)
210,W401,WELL 401  (PUMPING WELL #401)
211,W402,WELL 402  (E&M WELL @ MANZANAR HAY FIELD)
212,W403,WELL 403  (PUMPING WELL #403)
213,W406,WELL # 406
214,W407,WELL # 407
215,W408,WELL # 408
216,W409,WELL # 409
217,W410,WELL # 410
218,W411,WELL # 411
219,W412,WELL # 412
220,W413,WELL # 413
221,W413A,WELL 413A LAWS DOMESTIC BACKUP WELL
222,W416,WELL 416
223,1,INDEPENDENCE SPILLGATE
224,2,LOCUST SPILLGATE
225,3,RUSSELL SPILLGATE
226,4,DEAN SPILLGATE
227,5,THIBAUT SPILLGATE (SOUTH)
228,6,THIBAUT SPILLGATE (EAST)
229,7,OAK CREEK SOUTH RETURN AT L.A.A.
230,8,OAK CREEK NORTH RETURN AT L.A.A.(@F044)
231,9,WELL 383 RETURN TO L.A.A.
232,10,BLACKROCK SPILLGATE
233,11,SHEPHERDS CREEK AT L.A.A.
234,12,BAIRS CREEK AT L.A.A.
235,13,GEORGES CREEK AT L.A.A.
236,14,GEORGES CREEK DIVERSION # 4
237,15,GEORGES CREEK DIVERSION # 3
238,16,HOGBACK CREEK AT L.A.A.
239,17,LONE PINE CREEK AT U.S.G.S. STATION
240,18,O.H. 19 INTO L.A.A. (LONE PINE CREEK)
241,19,TUTTLE CREEK AT CANYON ROAD
242,20,LUBKIN CREEK AT L.A.A.
243,21,LONE PINE PARK
244,22,LONE PINE CREEK BELOW O.H. 10
245,23,O.H. 8 OVER L.A.A. (LONE PINE CREEK)
246,24,O.H. 14 OVER L.A.A. (LONE PINE CREEK)
247,25,DIVERSION BELOW O.H. 17 (SPAINHOWER)
248,26,INDIAN IRRIGATION (LONE PINE)
249,27,O.H. 25 OVER L.A.A. (TUTTLE CREEK)
250,28,GOLF COURSE DITCH BELOW O.H. 25
251,29,O.H. 26 OVER L.A.A. (TUTTLE CREEK)
252,30,TUTTLE CREEK ABOVE O.H. 24
253,31,TUTTLE CREEK ABOVE O.H. 23
254,32,O.H. 23 OVER L.A.A. (TUTTLE CREEK)
255,33,TUTTLE CREEK ABOVE O.H. 27
256,34,INDEPENDENCE CREEK DIVERSION # 1
257,35,INDEPENDENCE CREEK DIVERSION # 3
258,36,INDEPENDENCE CREEK DIVERSION # 2
259,37,INDEPENDENCE CREEK AT L.A.A.
260,38,SAWMILL CREEK AT L.A.A.
261,39,BLACKROCK DITCH AT L.A.A.
262,40,BLACKROCK DITCH DIVERSION ABOVE FLUME
263,41,ABERDEEN DITCH AT L.A.A.
264,42,ABERDEEN BLACKROCK BYPASS
265,43,TABOOSE CREEK AT OWENS RIVER
266,44,SAWMILL CREEK AT 8-MILE RANCH
267,45,COTTONWOOD CREEK AT L.A.A. (O.H. 48)
268,46,ASH CREEK AT L.A.A.
269,47,BRALEY CREEK AT L.A.A.
270,48,LOCO CREEK AT L.A.A.
271,49,L.A.A. AT ALABAMA GATES
272,50,L.A.A. AT COTTONWOOD GATES (METER SECTION)   21.5
273,51,PASTURELAND RETURN AT SPRINGFIELD # 1
274,52,WELL 384 RETURN TO L.A.A.
275,53,OAK CREEK DIVERSION # 1 (BRIGHT)
276,54,OAK CREEK DIVERSION # 2 (KEMP)
277,55,BIG BLACKROCK SPRINGS RETURN TO L.A.A.
278,56,BLACKROCK TAILRACE #94425
279,57,DIVISION CREEK AT POWER HOUSE # 1
280,58,SAWMILL SPRINKLER SYSTEM AT 8-MILE RANCH  #123670
281,59,CHARLIE'S BUTTE DRAIN #1
282,60,BIG SEELEY SPRINGS AT OWENS RIVER
283,61,LITTLE SEELEY SPRINGS AT OWENS RIVER
284,62,LONE PINE TOWN PRESSURE AT HAY & MUIR STREET
285,63,LONE PINE TOWN SUPPLY
286,64,BAIRS CREEK (NORTH FORK) AT BASE OF MOUNTAINS
287,65,BAIRS CREEK (SOUTH FORK) AT BASE OF MOUNTAINS
288,66,COTTONWOOD CREEK AT INTAKE TO PENSTOCK
289,67,DIVISION CREEK BELOW INTAKE
290,68,GEORGES CREEK AT BASE OF MOUNTAINS # 2
291,69,GOODALE CREEK AT BASE OF MOUNTAINS #2
292,70,HOGBACK CREEK AT BASE OF MOUNTAINS
293,71,INDEPENDENCE CREEK AT JUNCTION STATION
294,72,INDEPENDENCE CREEK AT U.S.G.S. STATION
295,73,LONE PINE CREEK AT BASE OF MOUNTAINS
296,74,OAK CREEK (NORTH FORK) AT BASE OF MOUNTAINS
297,75,OAK CREEK (SOUTH FORK) AT BASE OF MOUNTAINS
298,76,OWENS RIVER AT KEELER BRIDGE (PRIOR TO 10/1/2009)
299,77,OWENS RIVER AT TINEMAHA DAM
300,78,SAWMILL CREEK AT BASE OF MOUNTAINS
301,79,SHEPHERDS CREEK AT BASE OF MOUNTAINS
302,80,SYMMES CREEK AT BASE OF MOUNTAINS
303,81,THIBAUT CREEK AT INTAKE
304,82,CARROLL CREEK AT L.A.A. (O.H. 39)
305,83,WALKER CREEK AT L.A.A. (O.H. 78)
306,84,COTTONWOOD SPILLGATE
307,85,L.A.A. SIPHON SOUTH OF DIAZ LAKE
308,86,DIAZ LAKE SPILLGATE
309,87,ALABAMA HILLS SPILLGATE
310,88,OWENS RIVER BELOW INTAKE SPILLGATES
311,89,GEORGES CREEK SPILLGATE
312,90,BLACKROCK SIPHON
313,91,ALABAMA DRAIN DITCH-SOUTH WEIR
314,92,ALABAMA DRAIN DITCH-NORTH WEIR
315,93,ALABAMA DRAIN DITCH-MIDDLE WEIR
316,94,LONE PINE INDIAN DITCH SPILLGATE
317,95,REINHACKLE SPRINGS
318,96,DIAZ CREEK AT L.A.A (O.H. 29)
319,97,BLACK SPRINGS TUNNEL (O.H. 35)
320,98,THIBAUT CREEK INTO L.A.A.
321,99,TABOOSE CREEK AT BASE OF MOUNTAINS # 2
322,107,INDEPENDENCE RESERVOIR ELEVATION
323,108,INDEPENDENCE TOWN SUPPLY AT CHLORINATION VAULT
324,109,INDEPENDENCE TOWN SUPPLY BELOW RESERVOIR
325,110,INDEPENDENCE TOWN SUPPLY BLOWOFF VALVE AT 57A
326,111,COTTONWOOD SPRINGS AT OWENS LAKE
327,112,OWENS LAKE STAFF GAGE AT COTTONWOOD CREEK
328,113,"""DIAZ LAKE STAFF GAGE   """"A"""" EAST """"B"""" WEST GAGE"""
329,114,LONE PINE WOOD LOT  #127236
330,116,HAIWEE SOUTH ULTRA SONIC METER (PENSTOCK # 1)
331,117,L.A.A. ALARM AT SOUTH HAIWEE POWER HOUSE
332,118,SOUTH HAIWEE L.A.A. # 2
333,119,HAIWEE L.A.A. # 2 -LEVEL RECORDER
334,122,NORTH SPRINGFIELD DIVERSION FROM 383 & 65A
335,123,WELL # 383 WOOD LOT RETURN
336,124,WELL # 383 DIVERSION TO WOOD LOT
337,125,WELL 061 E&M IRRIGATION
338,126,WELL 065 E&M IRRIGATION
339,127,SCOTTY SPRING # 1
340,128,SCOTTY SPRING # 1 AND # 2
341,130,SOUTH SPRINGFIELD DIVERSION FROM WELL # 384
342,131,WELL 060 E&M IRRIGATION
343,132,OAK CREEK (NORTH FORK) SPREADING DIVERSION #2
344,133,OAK CREEK (SOUTH FORK) SPREADING DIVERSION #3
345,137,GOODALE CREEK DIVERSION # 1
346,138,TABOOSE CREEK SPREADING DIVERSION #1
347,140,TABOOSE CREEK DIVERSION # 7
348,142,SYMMES CREEK SPREADING DIVERSION #1A
349,143,LONE PINE CREEK DIVERSION # 1
350,144,INDEPENDENCE IRRIGATION RETURNS @ L.A.A.
351,145,INDEPENDENCE CREEK SMITH RETURN AT L.A.A.
352,146,SYMMES CREEK AT L.A.A.
353,147,SHEPHERDS CREEK IRRIGATION RETURN @ L.A.A.
354,148,GEORGES CREEK IRRIGATION RETURN AT L.A.A.
355,149,O.H. 24 OVER L.A.A. (TUTTLE CREEK)
356,150,DIAZ CREEK OVER L.A.A. (O.H. 29)
357,151,BLACK SPRINGS OVER L.A.A. (O.H. 37)
358,152,LUBKIN CREEK OVER L.A.A.
359,153,CARROLL CREEK OVER L.A.A. (O.H. 39)
360,154,COTTONWOOD CREEK OVER L.A.A. (O.H. 48)
361,156,ASH CREEK OVER L.A.A.
362,157,BRALEY CREEK OVER L.A.A.
363,158,BLACK SPRINGS SPILLGATE AT O.H. 37
364,161,WELL 402 RETURN AT DIVERSION #5 TO SHEPHERDS CREEK
365,162,O.H. 27 OVER L.A.A. (TUTTLE CREEK)
366,164,O.H. 12 BELOW L.A.A. (LONE PINE CREEK) #125371
367,178,LAA SIPHON N/O OH # 8 (OH # 8 BELOW LAA) #126706
368,179,SOUTH HAIWEE TOE DRAIN #3
369,180,SOUTH HAIWEE TOE DRAIN #2
370,181,SOUTH HAIWEE TOE DRAIN #4
371,182,SOUTH HAIWEE TOE DRAIN #5
372,183,TINEMAHA DAM TOE DRAIN WEIR # 1
373,184,TINEMAHA DAM TOE DRAIN WEIR # 2
374,185,TINEMAHA DAM TOE DRAIN WEIR # 3
375,186,TINEMAHA DAM TOE DRAIN WEIR # 4
376,187,TINEMAHA DAM TOE DRAIN WEIR # 5
377,188,TINEMAHA DAM TOE DRAIN WEIR # A
378,189,TINEMAHA DAM TOE DRAIN WEIR # B
379,190,TINEMAHA DAM TOE DRAIN WEIR # C
380,193,BLACKROCK DITCH DIVERSION # 1 (LACEY)
381,194,BLACKROCK DITCH DIVERSION # 2 (WINTERTON)
382,195,BLACKROCK DITCH DIVERSION # 3 (FOUR CORNERS)
383,196,BLACKROCK DITCH DIVERSION # 4 (DREW SLOUGH)
384,197,BLACKROCK DITCH DIVERSION # 5
385,200,BLACKROCK DITCH DIVERSION # 8 (WAGGONER)
386,201,DREW SLOUGH RETURN TO BLACKROCK DITCH
387,202,BLACKROCK DITCH DIVERSION # 9 (LOWER TWIN LAKES)
388,203,LOWER TWIN LAKES STAFF GAGE
389,204,BLACKROCK DITCH DIVERSION # 10 (UPPER TWIN LAKES)
390,205,UPPER TWIN LAKES STAFF GAGE
391,208,BLACKROCK DITCH AT OWENS RIVER
392,209,UPPER GOOSE LAKE STAFF GAGE
393,210,UPPER GOOSE LAKE RETURN
394,213,BILLY LAKE RETURN TO OWENS RIVER
395,214,OWENS RIVER BELOW MAZURKA CYN.ROAD
396,215,LOCUST DITCH RETURN TO OWENS RIVER
397,217,GEORGES CREEK SPILLGATE RETURN TO OWENS RIVER
398,219,OWENS RIVER @ LONE PINE STATION ROAD
399,224,OWENS RIVER  AT   MANZANAR/REWARD ROAD
400,226,SOUTH HAIWEE TOE DRAIN #1
401,231,LONE PINE N/E PASTURE OFF LOWER OH 8  #126945
402,233,LONE PINE RESERVOIR ELEVATION
403,236,HOGBACK CREEK SPREADING DIVERSION #1
404,237,HOGBACK CREEK SPREADING DIVERSION #1A
405,238,HOGBACK CREEK SPREADING DIVERSION #2
406,239,HOGBACK CREEK SPREADING DIVERSION #2A
407,240,HOGBACK CREEK SPREADING DIVERSION #2B
408,241,HOGBACK CREEK SPREADING DIVERSION #3
409,242,GEORGES CREEK SPREADING DIVERSION #1
410,243,GEORGES CREEK SPREADING DIVERSION #A1
411,244,GEORGES CREEK SPREADING DIVERSION #2
412,245,GEORGES CREEK SPREADING DIVERSION #5
413,246,GEORGES CREEK SPREADING DIVERSION #6
414,247,BAIRS CREEK (NORTH FORK) SPREADING DIVERSION #1N
415,248,BAIRS CREEK (SOUTH FORK) SPREADING DIVERSION #1S
416,249,BAIRS CREEK (NORTH FORK) SPREADING DIVERSION #2N
417,250,BAIRS CREEK (NORTH FORK) SPREADING DIVERSION #1A
418,251,BAIRS CREEK (SOUTH FORK) SPREADING DIVERSION #2A
419,252,BAIRS CREEK (SOUTH FORK) SPREADING DIVERSION #2B
420,253,BAIRS CREEK (SOUTH FORK) SPREADING DIVERSION #3A
421,254,BAIRS CREEK (SOUTH FORK) SPREADING DIVERSION #3B
422,255,BAIRS CREEK (SOUTH FORK) SPREADING DIVERSION #4
423,256,SHEPHERDS CREEK SPREADING DIVERSION #1
424,257,SHEPHERDS CREEK SPREADING DIVERSION #2
425,258,SHEPHERDS CREEK SPREADING DIVERSION #2A
426,259,SHEPHERDS CREEK SPREADING DIVERSION #3
427,261,SHEPHERDS CREEK SPREADING DIVERSION #5
428,263,SYMMES CREEK SPREADING DIVERSION #1
429,264,SYMMES CREEK SPREADING DIVERSION #2
430,265,SYMMES CREEK SPREADING DIVERSION #3
431,266,SYMMES CREEK SPREADING DIVERSION #4
432,267,PINYON CREEK SPREADING DIVERSION #1
433,268,PINYON CREEK SPREADING DIVERSION #2
434,269,PINYON CREEK SPREADING DIVERSION #3
435,270,INDEPENDENCE CREEK SPREADING DIVERSION #1
436,271,INDEPENDENCE CREEK SPREADING DIVERSION #2
437,272,OAK CREEK (NORTH FORK) SPREADING DIVERSION #1
438,273,OAK CREEK (NORTH FORK) SPREADING DIVERSION #4
439,274,THIBAUT CREEK SPREADING DIVERSION #1
440,275,THIBAUT CREEK SPREADING DIVERSION #2
441,276,THIBAUT CREEK SPREADING DIVERSION #3
442,277,SAWMILL CREEK SPREADING DIVERSION #1S
443,278,SAWMILL CREEK SPREADING DIVERSION #1N
444,279,SAWMILL CREEK SPREADING DIVERSION #1
445,280,SAWMILL CREEK SPREADING DIVERSION #2
446,281,SAWMILL CREEK SPREADING DIVERSION #3
447,282,SAWMILL CREEK SPREADING DIVERSION #4
448,283,DIVISION CREEK SPREADING DIVERSION #1
449,284,DIVISION CREEK SPREADING DIVERSION #2
450,285,DIVISION CREEK SPREADING DIVERSION #3
451,286,GOODALE CREEK SPREADING DIVERSION #1
452,287,GOODALE CREEK SPREADING DIVERSION #2
453,288,GOODALE CREEK SPREADING DIVERSION #3
454,289,GOODALE CREEK SPREADING DIVERSION #4
455,290,GOODALE CREEK SPREADING DIVERSION #5
456,293,TABOOSE CREEK SPREADING DIVERSION #2
457,294,TABOOSE CREEK SPREADING DIVERSION #3
458,295,TABOOSE CREEK SPREADING DIVERSION #3A
459,296,TABOOSE CREEK SPREADING DIVERSION #4
460,297,TABOOSE CREEK SPREADING DIVERSION #5
461,298,TABOOSE CREEK SPREADING DIVERSION #6
462,302,BAIRS CREEK (SOUTH FORK) SPREADING DIVERSION #3
463,303,LOCUST DITCH-SOUTH
464,305,DIVISION CREEK SPREADING DIVERSION #1N
465,306,GEORGES CREEK SPREADING DIVERSION #4A
466,307,GEORGES CREEK SPREADING DIVERSION #4B
467,308,RED MOUNTAIN CREEK SPREADING DIVERSION #1
468,309,OWENS RIVER AT CHARLIE'S BUTTE
469,310,TINEMAHA RESERVOIR SPILL
470,311,GOODALE CREEK AT BASE OF MOUNTAINS
471,313,OH 8 BELOW SIPHON
472,315,GEORGES CREEK AT BASE OF MOUNTAINS
473,316,COTTONWOOD CREEK BELOW INTAKE
474,317,COTTONWOOD CREEK AT USGS
475,318,SOUTH HAIWEE PENSTOCK BYPASS RETURN TO L.A.A. #1
476,319,TABOOSE CREEK AT BASE OF MOUNTAINS
477,321,INDEPENDENCE TOWN SUPPLY BOOSTER PUMP
478,322,BIG BLACKROCK SPRINGS AT SPRINGS
479,323,BIG BLACKROCK FISH TROUGHS
480,324,CHARLIE'S BUTTE DRAIN #2
481,325,CHARLIE'S BUTTE DRAIN #3
482,326,LUBKIN CANYON SPILLGATE
483,327,SHEPHERDS CREEK PIPELINE AT L.A.A.
484,328,CARTAGO SPILLGATE
485,329,SOUTH HAIWEE LEAKING SPRING
486,330,OAK CREEK AT U.S.G.S
487,331,OAK CREEK AT DIVISION (MILL) BOX
488,332,DWP SITE 5 MEASUREMENT POINT DWP5D
489,333,DWP SITE 5 MEASUREMENT POINT DWP5B
490,335,LAA AT INTAKE
491,351,LOWER OWENS RIVER ABOVE BLACKROCK RETURN
492,352,LOWER OWENS RIVER EAST OF GOOSE LAKE
493,353,LOWER OWENS RIVER @ CULVERTS
494,354,LOWER OWENS RIVER @ MAZURKA CANYON ROAD
495,355,LOWER OWENS RIVER @ MANZANAR-REWARD ROAD
496,356,LOWER OWENS RIVER EAST OF REINHACKLE SPRINGS
497,357,LOWER OWENS RIVER @ LONE PINE NG ROAD
498,358,CARTAGO SPILLGATE RETURN TO LAA
499,360,LOWER OWENS RIVER DELTA FLOW TO BRINE POOL (WEST)
500,361,TWIN LAKES TO GOOSE LAKE DITCH
501,362,LUBKIN SPILLGATE RETURN TO LAA
502,363,LOWER OWENS RIVER 30'WEIR FLOW TO DELTA
503,364,LOWER OWENS RIVER PUMP BACK STATION
504,365,LOWER OWENS RIVER LANGEMANN FLOW TO DELTA
505,367,GOOSE LAKE RETURN TO LOWER OWENS RIVER
506,368,LOWER OWENS RIVER DELTA FLOW TO BRINE POOL (EAST)
507,369,WAGGONER TO COYOTE
508,370,OAK CREEK DIVERSION # 5
509,371,BLACK CANYON CREEK SPREADING DIVERSION #1
510,372,GEORGES CREEK SPREADING DIVERSION #4A
511,373,GEORGES CREEK SPREADING DIVERSION #4B
512,374,OH20 OVER LAA
513,375,OH27 OVER LAA
514,400,ABERDEEN DIVERSION TO HINES SPRINGS (1600 ACFT)
515,404,"""FLOW FROM V008GP NORTH OF MAZOURKA 4"""" LINE (1600 ACFT)"""
516,2001,BIG PINE CANAL DIVERSION # 35
517,2002,BIG PINE CANAL DIVERSION # 37 (4-J)
518,2003,FORD RAWSON CANAL DIVERSION # 2
519,2004,FORD RAWSON CANAL DIVERSION # 7
520,2005,BIG PINE CANAL DIVERSION # 34
521,2006,BIG PINE CANAL DIVERSION # 17
522,2007,ROSSI DITCH AT INTAKE
523,2008,BAKER CREEK RETURN # 1 (4-J)
524,2009,BAKER CREEK RETURN # 12 (4-J)
525,2010,HESSION DITCH BELOW GIROUX RANCH
526,2011,BAKER CREEK RETURN C-3
527,2012,BAKER CREEK RETURN # 11 (4-J)
528,2013,BAKER CREEK RETURN # 10 (4-J)
529,2014,BAKER CREEK DIVERSION # 4 (4-J)
530,2016,BAKER CREEK DIVERSION # 3
531,2017,BAKER CREEK DIVERSION # 1
532,2018,BAKER CREEK DIVERSION C-1
533,2019,COUNTY FARM @ PROPERTY LINE
534,2020,BROWN RANCH WASTE AT COUNTY ROAD
535,2021,BAKER CREEK DIVERSION C-2
536,2022,FORD RAWSON CANAL RETURN # 9
537,2023,FORD RAWSON CANAL RETURN # 8
538,2024,FORD RAWSON CANAL DIVERSION # 3
539,2026,FORD RAWSON CANAL BELOW BISHOP CREEK CANAL
540,2027,BIG PINE CANAL DIVERSION # 16
541,2028,BIG PINE CANAL DIVERSION # 15
542,2029,LYMAN DITCH TO KLONDIKE LAKE
543,2030,KNIGHT DIVERSION AT BAKER CREEK
544,2031,BIG PINE CANAL DIVERSION # 19
545,2032,BIG PINE CANAL DIVERSION # 18
546,2033,TINEMAHA CREEK GRAVITY SYSTEM  971404
547,2034,FISH SPRINGS PUMP DIVERSION
548,2035,DUDE RANCH SOUTH PUMP PLANT  85448
549,2036,DUDE RANCH MIDDLE PUMP PLANT  126006
550,2037,BIG PINE CANAL DIVERSION #36
551,2038,BIG PINE CANAL SOUTH PUMP PLANT    90350
552,2039,BIG PINE CANAL NORTH PUMP PLANT (4-J)  123324
553,2040,BIG PINE CANAL DIVERSION # 36A
554,2041,4-J DIVERSION # 3 ( BAKER CREEK )
555,2042,TULE ELK FIELD DIVERSION
556,2043,YRIBARREN RETURN # 2
557,2044,MENDENHALL BELOW INTAKE
558,2045,STEWARD PRIVATE DITCH
559,2046,FULLER CREEK AT FOREST SERVICE BOUNDARY
560,2047,TINEMAHA CREEK AT RAILROAD CROSSING
561,2048,BIG PINE CREEK AT CARTMELL WELL
562,2049,GIROUX DITCH BELOW BIG PINE POWER PLANT
563,2051,LITTLE PINE CREEK AT MCMURRY ROAD
564,2052,BIG PINE CREEK AT USGS STATION
565,2053,BROWN RANCH WASTE-BIG PINE CREEK
566,2054,FREEMAN CREEK AT KEOUGH HOT SPRINGS (1600 AC FT)
567,2055,BIG PINE CANAL AT WELL # 233
568,2056,KEOUGH HOT SPRINGS ABOVE DIVERSIONS
569,2057,KLONDIKE DRAIN @ OWENS RIVER
570,2058,BIRCH CREEK BELOW HIGHWAY
571,2059,FISH SPRINGS AT RAILROAD BRIDGE
572,2060,BAKER CREEK SPREADING DIVERSION #1
573,2061,BIG PINE INDIAN DITCH
574,2062,RED MOUNTAIN CREEK @ FOREST SERVICE BOUNDARY
575,2063,BIRCH CREEK ABOVE MILL SITE
576,2064,BAKER CREEK @ L.A. STATION
577,2065,TINEMAHA CREEK AT FOREST SERVICE BOUNDARY
578,2066,OWENS RIVER BELOW BIG PINE CREEK
579,2067,RED MOUNTAIN CREEK ABOVE DIVERSIONS
580,2068,BAKER CREEK ABOVE BIG PINE CANAL
581,2070,BIG PINE CANAL DIVERSION # 1
582,2071,BIG PINE CANAL DIVERSION # 4
583,2074,BIG PINE CANAL DIVERSION # 30
584,2075,BIG PINE CANAL DIVERSION #31
585,2076,BIG PINE CANAL DIVERSION #33
586,2077,BIG PINE CANAL DIVERSION #38
587,2079,BIG PINE CANAL RETURN #2
588,2080,BIG PINE CANAL RETURN #1
589,2082,DUDE RANCH NORTH PUMP PLANT  121032
590,2083,CEMENT DITCH DIVERSION @ CEMETARY
591,2087,BIG PINE CANAL BELOW LYMAN DITCH
592,2088,SHANNON CANYON AT COUNTY ROAD
593,2089,BIG PINE IRRIGATION RETURN TO OWENS RIVER
594,2091,MALONE SPRINGS AT PIPELINE EXIT
595,2093,CEMENT DITCH GRAVITY PIPE LINE  125365
596,2099,BIG PINE WEATHER YARD
597,2102,"""BIG PINE TOWN SUPPLY BYPASS METER (6"""")  #5480315"""
598,2103,"""BIG PINE TOWN SUPPLY BYPASS METER (1.5"""")  #5480315"""
599,2104,PANAPIDI INDIAN PIPE LINE BELOW WATER TANK
600,2105,RADON TOWER RETURN TO BIG PINE CREEK
601,2106,BIG PINE CANAL NEAR WELL #227
602,2108,BIG PINE TOWN PRESSURE
603,2109,RED MOUNTAIN CREEK SPREADING DIVERSION #2
604,2110,TINEMAHA CREEK SPREADING DIVERSION #1
605,2111,TINEMAHA CREEK SPREADING DIVERSION #2
606,2121,SANGER DITCH AT INTAKE
607,2122,HART WEIR #1 NEAR WELLS
608,2127,OWENS RIVER AT ZURICH BRIDGE
609,2140,BIG PINE TOWN SPARLING RETURN TO BIG PINE CREEK
610,2143,GIROUX DITCH (UPPER) ABOVE BIG PINE POWER PLANT
611,2144,GIROUX DITCH (LOWER) BELOW BIG PINE POWER PLANT
612,2145,RAWSON CREEK AT A DRAIN
613,2147,BIG PINE CANAL AT INTAKE
614,2148,TINEMAHA CREEK ABOVE OLD HIGHWAY
615,2152,BIG PINE CREEK BELOW BIG PINE CANAL
616,2153,BAKER CREEK BYPASS
617,2154,BIG PINE CREEK EAST OF SCHOOL STREET
618,2155,BPIIA DIVERSION #1
619,2156,BPIIA RETURN #1
620,2157,BPIIA DIVERSION #2
621,2158,BPIIA DIVERSION #3
622,2160,BPIIA RETURN #2
623,2161,BPIIA RETURN #3
624,2162,BPIIA RETURN #4
625,2163,BPIIA RETURN #5
626,2164,BPIIA RETURN #6
627,2165,BPIIA RETURN #7
628,2166,BPIIA RETURN #8
629,2167,KLONDIKE WATER FOWEL DIV.
630,2168,BIG PINE CANAL DIVERSION  #29A
631,2169,KLONDIKE STAFF GAGE WEST
632,2170,MENDENHALL DITCH BELOW INTAKE
633,2171,MENDENHALL DITCH BELOW DIV #4
634,2173,WARREN LAKE  (1600 ACFT)
635,3001,DAIRY DITCH # 69
636,3002,GEORGE DITCH WEST OF SUNLAND AVENUE
637,3003,MATLICK DITCH RETURN @ B-1 DRAIN
638,3004,BISHOP CREEK NORTH FORK I-2
639,3005,SOUTH INDIAN DITCH D-4
640,3006,HALL DITCH @ GOLF COURSE RETURN
641,3007,MATLICK DITCH F-14
642,3008,MATLICK DITCH F-13 E
643,3009,MATLICK DITCH F-10
644,3010,"""MATLICK RETURN TO """"C"""" DRAIN"""
645,3011,WEST LINE L-2
646,3012,GEORGE DITCH C-1
647,3013,164-B WATTERSON
648,3014,62 BULPITT
649,3015,WONACOTT A-1
650,3016,NORTH INDIAN DITCH ABOVE MUMY LANE # 58-E
651,3017,WONACOTT A-2
652,3018,NORTH INDIAN B-2
653,3019,BISHOP CREEK CANAL DIVERSION # 24
654,3020,BISHOP CREEK CANAL DIVERSION # 25
655,3021,BISHOP CREEK CANAL DIVERSION # 67
656,3022,BISHOP CREEK DITCH # 5-A
657,3023,KINGSLEY DITCH DIVERSION C-4
658,3024,BISHOP CREEK CANAL DIVERSION # 29
659,3025,SOUTH INDIAN DITCH DIVERSION # 3
660,3026,NEWLON DITCH BOYD PUMP PLANT
661,3027,HALL DITCH PUMP PLANT # 2 @ DON TATUM LEASE ( KOCH )
662,3028,HALL DITCH PUMP PLANT # 4 AT DON TATUM LEASE
663,3031,A-1 DRAIN PUMP PLANT # 1 S/O HALL DITCH
664,3032,A-1 DRAIN PUMP PLANT # 3 AT WELL # 140
665,3033,GIRAUD DITCH BELOW INTAKE # 164
666,3034,# 154-A BLAIR
667,3035,MATLICK DITCH # 154
668,3036,NORTH FORK BISHOP CREEK I-1    (#155 STANLEY MATLICK)
669,3037,MATLICK DITCH # 63-A
670,3038,TATUM RETURN H-1
671,3039,TATUM RETURN AT BISHOP CREEK CANAL
672,3040,MATLICK DITCH F-13 N
673,3041,63-C BROCKMAN
674,3042,TATUM RETURN AT HIGHWAY 6
675,3043,NORTH INDIAN DITCH B-3
676,3044,HALL DITCH AT BOOTHE
677,3045,A-1 DRAIN DIVERSION TO BISHOP CREEK CANAL
678,3046,SOUTH INDIAN RETURN AT A-1 DRAIN
679,3047,4 X - 58D
680,3048,# 61-A FRANK ROUFF
681,3049,# 161 OTEY
682,3050,HOLLAND # 63-B
683,3051,WONACOTT # 58-F
684,3052,MASON DITCH # 162
685,3053,TOMMY SMITH DITCH # 162-A
686,3054,WONACOTT A-3 RETURN
687,3055,58G ORCIER DITCH
688,3056,BOOTHE RETURN # 1
689,3057,BOOTHE RETURN # 2
690,3058,SOUTH INDIAN DITCH AT SCHOBER LANE # 58-C
691,3059,SOUTH INDIAN DITCH D-2
692,3061,KINGSLEY DITCH PUMP DIVERSION AT DIV. # 2
693,3062,MCDOLE RANCH DIVERSION FROM RAWSON CREEK
694,3064,MATLICK DITCH AT INTAKE # 61
695,3065,HALL DITCH BELOW BARLOW LANE # 60-A
696,3066,RAWSON POND # 3 RETURN TO OWENS RIVER
697,3067,BISHOP CREEK CANAL DIVERSION # 13
698,3068,GEORGE DITCH C-3
699,3069,HORTON CREEK E-1B
700,3070,HORTON CREEK E-2
701,3071,HORTON CREEK E-3
702,3072,HORTON CREEK E-4
703,3073,HORTON CREEK E-5
704,3074,HORTON CREEK E-1A
705,3075,MILL CREEK D-1
706,3076,MILL CREEK D-2
707,3077,PINE CREEK C-5
708,3078,MILL CREEK D-6
709,3079,MILL CREEK BELOW OLD ROVANA
710,3080,MILL CREEK C-1
711,3081,MILL CREEK D-3 RETURN
712,3082,MILL CREEK D-3
713,3083,PINE CREEK DIVERSION # 49
714,3084,PINE CREEK # 49 RETURN
715,3085,PINE CREEK B-1
716,3086,ROCK CREEK DIVERSION # 40
717,3087,ROCK CREEK RETURN # 1
718,3088,ROCK CREEK DIVERSION # 1
719,3089,ROCK CREEK DIVERSION # 2
720,3091,ROCK CREEK RETURN A-1
721,3092,ROCK CREEK DIVERSION # 39
722,3093,HORTON CREEK E-6
723,3094,MILL CREEK ABOVE HORTON CREEK JUNCTION
724,3095,HORTON CREEK ABOVE MILL CREEK JUNCTION
725,3096,MILL CREEK C-8
726,3097,PINE CREEK C-2 RETURN
727,3098,PINE CREEK RETURN B-2
728,3099,MILL CREEK D-7
729,3100,PINE CREEK C-3 RETURN
730,3101,PINE CREEK RETURN B-3
731,3102,HORTON CREEK E-7
732,3103,HORTON CREEK E-6 RETURN
733,3104,MILL CREEK DIVERSION @ ROUND VALLEY STORE
734,3105,PINE CREEK C-7
735,3106,PINE CREEK C-6
736,3122,UPPER MCNALLY CANAL ABOVE WELL # 245
737,3123,COLDWATER CREEK SPRINKLER DIVERSION
738,3124,LOWER MCNALLY RETURN # 5
739,3125,SILVER CYN CK PUMP DIVERSION @ PAESANO IRR. SPRINKLER
740,3127,UPPER MCNALLY DIVERSION # 1
741,3128,WELL # 387 IRRIGATION DIVERSION E-M
742,3129,UPPER MCNALLY DIVERSION # 2
743,3131,RETURN # 1 FROM UPPER MCNALLY
744,3132,UPPER MCNALLY PUMP DIVERSION ABOVE WELL # 243 (E)
745,3133,UPPER MCNALLY PUMP DIVERSION # 1 ABOVE WELL # 243
746,3134,UPPER MCNALLY PUMP DIVERSION ABOVE WELL # 243 (W)
747,3135,UPPER MCNALLY DIVERSION # 3
748,3136,UPPER MCNALLY DIVERSION # 4
749,3137,UPPER MCNALLY DIVERSION # 5
750,3138,UPPER MCNALLY DIVERSION # 6
751,3139,RETURN # 2 BELOW LOWER MCNALLY
752,3140,RETURN # 3 BELOW LOWER MCNALLY
753,3141,UPPER MCNALLY DIVERSION # 7
754,3142,PRIVATE WELL RETURN TO UPPER MCNALLY CANAL
755,3143,UPPER MCNALLY DIVERSION # 9 RETURN
756,3144,LAWS MUSEUM DITCH
757,3145,LAWS DITCH BELOW UPPER MCNALLY CANAL
758,3146,LAWS DITCH DIVERSION TO LOWER MCNALLY
759,3147,RETURN # 5 FROM UPPER MCNALLY
760,3148,UPPER MCNALLY DIVERSION # 8
761,3149,UPPER MCNALLY DIVERSION # 9
762,3151,LOWER MCNALLY DIVERSION # 12
763,3153,165-C MACIVER DITCH
764,3154,SCHILDER RETURN G-2
765,3155,BISHOP CREEK DITCH # 5-B
766,3156,NOBLE DITCH 157
767,3157,LOWER MCNALLY DIVERSION # 5
768,3158,LOWER MCNALLY DIVERSION # 7
769,3159,LOWER MCNALLY DIVERSION # 8
770,3160,INDIAN DIVERSION AT DAIRY DITCH CORNER TU SU & DIAZ LN
771,3161,BISHOP CREEK DITCH # 16
772,3162,BISHOP CREEK DITCH # 17
773,3163,BISHOP CREEK DITCH # 19
774,3164,BISHOP CREEK DITCH # 20
775,3165,BISHOP CREEK DITCH # 21
776,3166,BISHOP CREEK DITCH # 5
777,3167,BISHOP CREEK DITCH # 9
778,3168,BISHOP CREEK DITCH # 30
779,3169,FORD RAWSON # 1
780,3170,KINGSLEY C-1
781,3171,BISHOP CREEK DITCH # 11
782,3172,BISHOP CREEK DITCH # 16-A
783,3173,BISHOP CREEK DITCH # 19-A
784,3174,BISHOP CREEK DITCH # 22
785,3177,BISHOP CREEK DITCH # 26
786,3178,BISHOP CREEK DITCH # 27
787,3179,BISHOP CREEK DITCH # 28
788,3181,RETURN # 5 MENDIBURU
789,3183,CEMETERY DITCH AT EAST LINE ST.
790,3184,RAWSON CREEK AT BASE OF MOUNTAINS
791,3185,MCGEE CREEK AT ABERLOUR RANCH
792,3186,BISHOP CREEK CANAL BELOW INTAKE
793,3187,INDIAN DITCH AT L.A. STATION
794,3188,HORTON CREEK ABOVE OWENS RIVER CANAL
795,3189,RAWSON CREEK BELOW GERKIN ROAD
796,3191,A-DRAIN ABOVE BIG PINE CANAL
797,3192,A-DRAIN AT INTAKE
798,3193,SANDERS POND RETURN AT OWENS RIVER
799,3194,SOUTH FORK BISHOP CREEK BELOW BISHOP CREEK CANAL
800,3195,CHINA SLOUGH AT TRICKEY RANCH
801,3196,WILLIAMS WASTE
802,3197,BISHOP CREEK CANAL BELOW NORTH FORK OF BISHOP CREEK
803,3198,BISHOP CREEK TO C-DRAIN BYPASS DITCH
804,3199,NORTH INDIAN DITCH A-1 DIVERSION
805,3201,NORTH INDIAN DITCH A-2 DIVERSION
806,3202,NORTH INDIAN DITCH A-3 DIVERSION
807,3203,NORTH INDIAN DITCH A-4 DIVERSION
808,3204,INDIAN B DITCH AT BROCKMAN LANE
809,3205,INDIAN C DITCH AT BROCKMAN LANE
810,3206,INDIAN D DITCH AT BROCKMAN LANE
811,3207,FISH SLOUGH AT OWENS RIVER
812,3208,FISH SLOUGH SPRINGS BELOW POND # 1
813,3209,FISH SLOUGH SPRINGS AT B.L.M. SPRING
814,3211,SILVER CANYON CREEK AT BASE OF MOUNTAINS STATION # 2
815,3212,COLDWATER CANYON CREEK AT END OF PIPELINE
816,3213,PIUTE CREEK AT END OF FLUME
817,3214,LAWS DITCH AT RAILROAD
818,3215,SILVER CANYON CREEK ABOVE WELL # 365
819,3216,FISH SLOUGH AT L.A. STATION # 2
820,3217,FISH SLOUGH SPRINGS BELOW PONDS #2 & #3
821,3218,UPPER MCNALLY CANAL AT O.V.P.A. STATION
822,3219,LOWER MCNALLY CANAL AT O.V.P.A. STATION
823,3221,PINE CREEK AT DIVISION BOX
824,3222,PINE CREEK ABOVE BIRCHIM CANYON
825,3223,ROCK CREEK ABOVE BIRCHIM CANYON
826,3224,OWENS RIVER ABOVE UPPER GORGE TAILBAY
827,3225,MATLICK DITCH BETWEEN F-13N & F-13E
828,3226,HORTON CREEK ABOVE FORKS
829,3227,ROCK CREEK AT OWENS RIVER
830,3228,UPPER MCNALLY DIVERSION # 10
831,3231,BUTTERMILK SPRING
832,3232,AINSLEY MEADOW SPRING
833,3233,BIRCH CREEK AT TUNGSTEN CITY ROAD
834,3234,HORTON CREEK DIVERSION AT MOORE CABIN
835,3235,MILL POND RETURN
836,3242,BISHOP CREEK CANAL DIVERSION TO 5 BRIDGES # 2
837,3243,BISHOP CREEK CANAL DIVERSION TO 5 BRIDGES # 4
838,3264,NORTH INDIAN DITCH BELOW A-1 DRAIN B3A
839,3266,NORTH INDIAN DITCH RETURN AT BISHOP CREEK CANAL B-5
840,3270,SOUTH INDIAN D-3
841,3271,SOUTH INDIAN DITCH RETURN TO BISHOP CREEK CANAL
842,3274,ABERLOUR DITCH BELOW INTAKE
843,3275,A.O. COLLINS CANAL AT POLETA ROAD
844,3277,COW CAMP SPRING
845,3278,C-DRAIN ABOVE BISHOP CREEK CANAL
846,3287,OWENS RIVER AT ROUND VALLEY
847,3288,OWENS RIVER AT PLEASANT VALLEY STATION # 2
848,3289,OWENS RIVER AT PLEASANT VALLEY POWER HOUSE
849,3290,OWENS RIVER CANAL BELOW HORTON CREEK
850,3291,RED HILL DITCH AT INTAKE
851,3292,ROCK CREEK AT SHERWIN HILL
852,3295,BISHOP CREEK CANAL AT DOYLE RANCH
853,3296,BISHOP SEWER LAGOONS AT INTAKE
854,3298,BISHOP SEWER OUTFALL BELOW THIRD LAGOON
855,3299,BISHOP SEWER OUTFALL BELOW SIXTH LAGOON
856,3300,BISHOP SEWER OUTFALL BELOW SIXTH LAGOON @ S.W. CORNER
857,3303,FISH SLOUGH AT L.A. STATION # 1
858,3304,HALL DITCH AT INTAKE
859,3316,IRRIGATION FROM WELL # 406
860,3317,BISHOP CREEK CANAL DIVERSION TO 5 BRIDGES # 6
861,3318,LAWS DITCH DIVERSION TO LOWER MCNALLY (CASHBAUGH)
862,3319,WELL # 278 MILL POND (USED TO FILL MILLPOND)
863,3320,BISHOP GOLF CLUB WELL # 139 #6756697
864,3321,BISHOP GOLF CLUB A-1 DRAIN PUMP PLANT #114413
865,3322,SNOW CREEK
866,3323,CHEESE FACTORY SPRING
867,3324,BISHOP CREEK BELOW PLANT # 6
868,3325,LOWER MCNALLY DIVERSION # 12-A
869,3329,UPPER MCNALLY CANAL RELEASE TO PERCOLATION TRENCH A
870,3336,OWENS RIVER BELOW UPPER GORGE POWER PLANT
871,3338,OWENS RIVER ABOVE CONTROL GORGE P.P.
872,3345,BISHOP GOLF COURSE WELL RETURN TO A-1 DRAIN #124223
873,3346,MILL CREEK GRAVITY SYSTEM
874,3348,ROCK CREEK AT BIRCHIM CANYON (ROUND VALLEY)
875,3349,PINE CREEK AT BIRCHIM CANYON (ROUND VALLEY)
876,3350,OWENS RIVER AT PLEASANT VALLEY
877,3351,PLEASANT VALLEY RESERVOIR SPILL
878,3352,SILVER CANYON CREEK AT OLD CLARK RANCH
879,3353,SILVER CANYON CREEK AT BASE OF MOUNTAINS
880,3354,OWENS RIVER GORGE AT CONCRETE FLUME
881,3358,A DRAIN RETURN TO OWENS RIVER
882,3359,HORTON CREEK AT OWENS RIVER
883,3360,OWENS RIVER AT ADAMS MAIN PLANT
884,3361,LOWER MCNALLY DIVERSION # 13
885,3363,HORTON CREEK MAIN DIVERSION
886,3364,NORTH INDIAN DITCH W/O HWY 395
887,3365,PARK WEST RETURN S/O A-DRAIN
888,3366,SOUTH INDIAN DITCH DIVERSION # 1 N/O SCHOBER LANE
889,3367,SOUTH INDIAN DITCH DIVERSION # 2 N/O SCHOBER LANE
890,3368,RAWSON & KEOUGH DITCH E/O HWY 395
891,3369,RAWSON & KEOUGH DITCH RETURN AT A-DRAIN
892,3370,NORTH INDIAN DIVERSION W/O SUNLAND
893,3371,MILL CREEK D-6A
894,3372,PINE CREEK DIVERSION C-5A
895,3373,PINE CREEK DIVERSION TO 40 ACRES
896,3377,OTEY DITCH RETURN AT MATLICK DITCH
897,3378,OTEY DITCH DIVERSION ABOVE MATLICK DITCH
898,3379,MATLICK DIV. TO THE EAST
899,3380,NORTH INDIAN ABOVE RESERVATION
900,3381,NORTH INDIAN BELOW RESERVATION
901,3382,LAWS PIVOT SYSTEM
902,3383,WELL # 245 IRRIGATION DIVERSION E-M
903,3384,BISHOP RESERVATION WINUBA WELL
904,3385,BISHOP RESERVATION PA ME WELL
905,3386,BISHOP RESERVATION SIEBU WELL
906,3387,MATLICK DITCH TO THE NORTH
907,3388,INDIAN SOUTH RETURN ON SEE-VEE LANE
908,3389,INDIAN MIDDLE RETURN ON SEE-VEE LANE
909,3390,INDIAN NORTH RETURN ON SEE-VEE LANE
910,3391,BISHOP CREEK CANAL DIVERSION 26A
911,3392,FORD RAWSON-DIV 1A
912,3394,A-DRAIN DIVERSION TO BIG PINE CANAL
913,3395,HALL DITCH ABOVE SUNLAND
914,3396,NELLIGAN DIV. #1
915,3397,NELLIGAN BELOW DIV. #1
916,3398,MATLICK DITCH #1
917,3399,REINHACKLE #1
918,3400,YOUNG DITCH #1
919,3401,YOUNG DITCH #2
920,3402,YOUNG DITCH #3
921,3403,YOUNG DITCH RETURN TO NELLIGAN
922,3404,NELLIGAN DITCH #2
923,3405,NELLIGAN DITCH #3
924,3406,C-DRAIN AT INTAKE
925,3407,YOUNG DITCH # 4
926,3410,NORTH INDIAN DITCH BELOW PA-ME LANE
927,3411,NORTH INDIAN DITCH A-1 DIVERSION
928,3412,MATLICK DITCH WEST OF MCLAREN
929,3413,GIROUX DITCH BISHOP
930,3417,MILL CREEK D1-A
931,3418,UPPER MCNALLY DIVERSION 9A
932,3419,UPPER MCNALLY DIVERSION 9B
933,3420,BISHOP GOLF COURSE WELL TO GOLF COURSE
934,4001,CONVICT CREEK DIVERSION # 26
935,4002,CONVICT CREEK DIVERSION # 27
936,4003,CONVICT CREEK DIVERSION # 25
937,4004,CONVICT CREEK DIVERSION # 23
938,4005,MCGEE CREEK DIVERSION # 31
939,4005RT,MCGEE CREEK DIVERSION # 31 REALTIME DATA
940,4006,EATON DIVERSION AT CONVICT CREEK
941,4007,MCGEE CREEK DIVERSION # 29
942,4007RT,MCGEE CREEK DIVERSION # 29 REALTIME DATA
943,4008,MCGEE CREEK DIVERSION # 30
944,4008RT,MCGEE CREEK DIVERSION # 30 REALTIME DATA
945,4009,OWENS RIVER DIVERSION # 17
946,4011,OWENS RIVER DIVERSION # 17-A
947,4012,SANCHEZ SPRINGS
948,4013,MCGEE CREEK AT LOWER STATION # 2
949,4014,CONVICT CREEK 1 1/2 MILES ABOVE HIGHWAY
950,4015,OWENS RIVER GORGE AT MAIN WEIR
951,4016,ADDIT # 1
952,4017,LONG VALLEY DAM TOE DRAIN AT OUTLET
953,4018,LONG VALLEY RESERVOIR OUTFLOW
954,4019,HILTON CREEK AT BASE OF MOUNTAINS
955,4021,CROOKED CREEK AT LITTLE ROUND VALLEY
956,4022,ROCK CREEK AT LITTLE ROUND VALLEY
957,4023,ROCK CREEK BELOW DIVERSION
958,4024,ROCK CREEK DIVERSION BELOW INTAKE
959,4025,GROH SPRING
960,4026,HOT CREEK AT HIGHWAY
961,4027,BODLE DITCH AT MAMMOTH MINE
962,4028,MAMMOTH CREEK BELOW TWIN LAKES
963,4029,LAUREL CREEK AT BASE MTNS.
964,4033,GRIFFITH DITCH ABOVE CONVICT CREEK DIVERSION # 3
965,4034,HOT CREEK AT GORGE STATION
966,4035,HOT CREEK INDIAN DITCH AT GORGE STATION
967,4038,LONG VALLEY DAM TOE DRAIN EXTENSION # 3
968,4040,LONG VALLEY RESERVIOR SPILLWAY DISCHARGE WEIR # 1
969,4042,NORTH FORK MAMMOTH CREEK ABOVE FISH HATCHERY (HOT CR.)
970,4043,SOUTH FORK MAMMOTH CREEK ABOVE FISH HATCHERY (HOT CR.)
971,4055,OWENS RIVER AT INAJA RANCH
972,4056,MCLAUGHLIN CREEK
973,4058,ALPERS CREEK
974,4061,CLARK CANYON BELOW SHAFT # 2
975,4064,ROCK CREEK BELOW TOM'S PLACE
976,4070,LONG VALLEY RESERVOIR ELEVATION
977,4082,COLTON SPRING
978,4083,MAMMOTH COUNTY WATER DISTRICT (SURFACE USE)
979,4084,MAMMOTH COUNTY WATER DISTRICT (WELL USE)
980,4086,MCGEE CREEK AT UPPER STATION
981,4093,MCGEE CREEK FISH POND DIV.
982,4094,ADDIT # 2
983,4095,LAYTON SPRINGS  (MONTHLY READ)
984,4097,MAMMOTH CR. ABOVE OLD MAMMOTH ROAD (MCWD)
985,4103,HOT CREEK BELOW DIVERSIONS
986,5001,PARKER CREEK (SOUTH) BELOW CONDUIT
987,5002,WALKER CREEK UNDER CONDUIT
988,5003,PARKER CREEK UNDER CONDUIT
989,5004,HORSEMEADOW RETURN
990,5005,"""""""O"""" DITCH RETURN AT RANGER STATION"""
991,5006,LEE VINING CREEK @ REACH # 5
992,5007,"""MONO GATE # 1 RETURN DITCH ABOVE """"A"""" GATES"""
993,5008,LEE VINING CREEK ABOVE INTAKE
994,5009,LEE VINING CREEK AT INTAKE
995,5012,LEE VINING CONDUIT BELOW INTAKE
996,5013,RUSH CREEK AT DAM SITE
997,5014,LEE VINING CONDUIT SAND TRAP # 3
998,5015,BOHLER CREEK AT BASE OF MOUNTAINS
999,5016,WALKER CREEK ABOVE CONDUIT
1000,5017,PARKER CREEK ABOVE CONDUIT
1001,5018,SOUTH PARKER CREEK AT LEE VINING CONDUIT
1002,5019,PARKER CREEK DIVERSION # 1 AT INTAKE
1003,5021,PARKER CREEK DIVERSION # 2 AT INTAKE
1004,5022,PARKER CREEK DIVERSION # 3 AT INTAKE
1005,5023,FARRINGTON SIPHON VALVE
1006,5024,PARKER CREEK (SOUTH) ABOVE DIVERSIONS
1007,5025,PARKER CREEK (EAST) ABOVE DIVERSIONS
1008,5026,FARRINGTON DIVERSION @ GIBBS CREEK
1009,5027,HORSEMEADOW DIVERSION @ GIBBS CREEK
1010,5028,GIBBS SIPHON VALVE
1011,5029,WALKER CREEK CROSSING LEE VINING CONDUIT
1012,5032,THOMPSON UPPER DITCH
1013,5033,SILVESTER MCPHERSON DITCH JUNCTION WITH FILOSENA UPPER
1014,5034,"""CONWAY, MATTLY DIVERSION AT MILL CREEK"""
1015,5035,THOMPSON MAIN DITCH
1016,5036,CONWAY LOWER DITCH
1017,5037,CONWAY UPPER DITCH AT MILL CREEK POWER PLANT
1018,5038,LEE VINING CONDUIT SAND TRAP # 4
1019,5039,LEE VINING CONDUIT SAND TRAP # 5
1020,5041,LEE VINING CONDUIT SAND TRAP # 1
1021,5042,LEE VINING CONDUIT AT GRANT LAKE
1022,5044,GRANT LAKE RESERVOIR OUTFLOW
1023,5046,GRANT LAKE RESEVOIR CONDUIT SAND TRAP # 6 (WEST PORTAL)
1024,5047,GRANT LAKE TOE DRAIN
1025,5048,"""""""O"""" DITCH 1/4 MILE FROM INTAKE"""
1026,5049,DECHAMBEAU CREEK ABOVE DIVERSION
1027,5050,MATTLY DITCH JUNCTION WITH CONWAY UPPER DITCH
1028,5051,MILL CREEK PASTURE DITCH @ MILL CR. POWER HOUSE
1029,5052,OWENS RIVER BELOW EAST PORTAL
1030,5053,MONO TUNNEL AT EAST PORTAL
1031,5054,MILL CREEK AT COUNTY ROAD
1032,5055,WILSON CREEK AT COUNTY ROAD
1033,5056,DECHAMBEAU RANCH DIVERSION FROM WILSON CR. @ COUNTY RD.
1034,5057,DECHAMBEAU WASTE AT HOT WELL
1035,5059,BURKHAM SPRINGS
1036,5060,BRIDGEPORT CREEK AT COUNTY ROAD
1037,5063,COTTONWOOD CREEK AT COUNTY ROAD
1038,5066,"""DECHAMBEAU, ADAIR DIVERSION AT MILL CREEK"""
1039,5068,FILOSENA LOWER DITCH
1040,5069,FILOSENA LEBRAQUE DITCH
1041,5071,WILSON TO MILL RETURN  (TAILRACE DIVERSION)
1042,5078,GRANT LAKE SPILLWAY
1043,5079,LOG CABIN CREEK AT OLD HWY
1044,5080,GIBBS CREEK AT LEE VINING CREEK
1045,5084,KIRKWOOD SPRING
1046,5086,LEE VINING CREEK AT MONO LAKE
1047,5093,PARKER CREEK BACK OF CAIN RANCH
1048,5099,THOMPSON LOWER DITCH SILVESTER RANCH
1049,5100,VILLETTE SPRING
1050,5103,WARM SPRINGS B
1051,5107,CLOVER TEST HOLE # 2
1052,5108,CLOVER TEST HOLE # 3
1053,5112,PARKER CREEK BELOW COUNTY ROAD
1054,5113,WALKER CREEK BELOW COUNTY ROAD
1055,5119,LOG CABIN CREEK
1056,5120,ANDY THOM CREEK
1057,5121,WARM SPRINGS MARSH CHANNEL
1058,5122,LEE VINING DELTA SPRING
1059,5123,SANDPIPER SPRING
1060,5125,BABYLON TUFA TOWER SPRING
1061,5126,TEAL SPRING
1062,5127,FRACTURED ROCK SPRING # 2
1063,5144,GULL BATH EAST
1064,5145,SAND FLAT SPRINGS
1065,5147,"""GOOSE SPRINGS (EAST,WEST, & NORTH FORKS)"""
1066,5148,"""GULL BATH WEST (EAST,MIDDLE,& WEST FORKS)"""
1067,5150,MILL CREEK BELOW LUNDY LAKE
1068,5152,LUNDY PLANT TAILRACE BELOW DIVERSION
1069,5153,UPPER CONWAY DITCH DIVERSION
1070,5166,RETURN DITCH LEAK # 1 MONO GATE #1
1071,5171,RETURN DITCH LEAK # 2 MONO GATE # 1
1072,5174,LEE VINING CREEK 2.5 MILES ABOVE RANGER STATION
1073,5176,WALKER CREEK 300 YARDS BELOW LAKE
1074,5177,PARKER CREEK 1 MILE BELOW LAKE
1075,5178,PARKER CREEK ABOVE DIVERSIONS
1076,5179,RUSH CREEK 1 MILE BELOW SILVER LAKE
1077,5182,LEE VINING CONDUIT SPILLWAY ABOVE SAND TRAP #5
1078,5190,MONO CONDUIT BELOW MONO GATE #1
1079,9001,FAIRMONT L.A.A. #1
1080,9002,FAIRMONT L.A.A. #2
1081,9003,BOUQUET RESERVOIR INFLOW
1082,9004,BOUQUET RESERVOIR OUTFLOW
1083,9005,L.A.A. #1 AT SOLEDAD
1084,9006,SAUGUS PIPELINE (L.A.A. #2) AT SOLEDAD
1085,9010,BOUQUET RESERVOIR SPILLWAY BYPASS
1086,9017,HOEPPNER SPRING NO. 1
1087,9018,HOEPPNER SPRING NO. 1136
1088,9019,HOEPPNER SPRING NO. 2
1089,9021,L.A.A. #1 TRANSFER TO CALIFORNIA AQUEDUCT
1090,9028,L.A.A. #1 AT DRY CANYON OUTLET
1091,ACFLA,ASH CREEK FLOW INTO L.A.A.
1092,ADPL,ABERDEEN DITCH PUMPING LOSS
1093,ADW,"""ABERDEEN DITCH WELLS (106,110-114) PRIOR TO 10/01/71"""
1094,ADWT,"""ABERDEEN DITCH WELLS W106,W110-W114,W355"""
1095,AEAQ,ALABAMA GATES TO HAIWEE E/O LAA AQUEDUCT PUMPED WATER
1096,AEDM,LONE PINE DOMESTIC PUMPED WATER
1097,AEEM,ALABAMA GATES TO HAIWEE E/O LAA E&M PUMPED WATER
1098,AEIN,ALABAMA GATES TO HAIWEE E/O LAA INDIAN LANDS
1099,AEIR,ALABAMA GATES TO HAIWEE E/O LAA IRRIGATION
1100,AEME,ALAB-HAI E/O LAA ENHANCEMENT AND MITIGATION
1101,AEOP,ALABAMA GATES TO HAIWEE E/O LAA OPERATIONS
1102,AEPW,ALABAMA GATES TO HAIWEE E/O LAA PUMPED WATER
1103,AERC,ALABAMA GATES TO HAIWEE E/O LAA RECREATION
1104,AEROL,AQUEDUCT RELEASE TO OWENS LAKE
1105,AESW,ALABAMA GATES TO HAIWEE E/O LAA STOCKWATER
1106,AETU,ALABAMA GATES TO HAIWEE E/O LAA TOTAL USES
1107,AETW,ALABAMA GATES TO HAIWEE E/O LAA DOMESTIC
1108,AGHAR,ALABAMA GATES TO HAIWEE AQUEDUCT RELEASE
1109,AGHOLA,ALAB-HAIWEE FLOW OVER L.A.A.
1110,AGHTL,ALABAMA GATES TO HAIWEE TRANSIT LOSS(+) OR GAINS(-)
1111,AHETI,ALABAMA GATES TO HAIWEE E/O LAA TOTAL INFLOW
1112,AHEUL,ALB GATES TO HAI E/O LAA USES AND LOSSES(+) OR GAINS(-)
1113,AHSC,ALABAMA GATES TO HAIWEE W/O LAA SURFACE CONTRIBUTION
1114,AHUL,ALAB-HAIWEE W/O LAA USES AND LOSSES(+) OR GAINS(-)
1115,AHWAQ,ALAB-HAIWEE W/O LAA AQUEDUCT PUMPED WATER
1116,AHWR,ALABAMA GATES TO HAIWEE W/O LAA RUNOFF
1117,AHWTI,ALAB-HAIWEE W/O LAA TOTAL INFLOW
1118,AWAQ,ALABAMA GATES TO HAIWEE W/O LAA AQUEDUCT PUMPED WATER
1119,AWIR,ALABAMA GATES TO HAIWEE W/O LAA IRRIGATION
1120,AWME,ALABAMA-HAIWEE W/O LAA ENHANCEMENT AND MITIGATION
1121,AWOP,ALABAMA GATES TO HAIWEE W/O LAA OPERATIONS
1122,AWRC,ALABAMA GATES TO HAIWEE W/O LAA RECREATION
1123,AWSW,ALABAMA GATES TO HAIWEE W/O LAA STOCKWATER
1124,AWTU,ALABAMA GATES TO HAIWEE W/O LAA TOTAL USES
1125,BAAI,BISHOP AREA ACTUAL INFLOW
1126,BAAQ,BISHOP AREA AQUEDUCT PUMPED WATER
1127,BAAQT,BISHOP AREA AQUEDUCT PUMPING WELLS PRIOR TO 10/1/71
1128,BAFG,BISHOP AREA FLOWING GROUNDWATER
1129,BAFGT,BISHOP AREA FLOWING WELLS PRIOR TO 10/01/71
1130,BAGW,BISHOP AREA GROUNDWATER
1131,BAIN,BISHOP AREA INDIAN LANDS
1132,BAIR,BISHOP AREA IRRIGATION
1133,BANCS,BAIRS CREEK (NORTH FORK) CONE SPREADING
1134,BAO,BISHOP AREA OUTFLOW
1135,BAOP,BISHOP AREA OPERATIONS
1136,BAR,BISHOP AREA RUNOFF
1137,BARC,BISHOP AREA RECREATION
1138,BARFG,BISHOP AREA RUNOFF + FLOWING GROUNDWATER
1139,BASCS,BAIRS CREEK (SOUTH FORK) CONE SPREADING
1140,BASW,BISHOP AREA STOCKWATER
1141,BATU,BISHOP AREA TOTAL USES
1142,BAUL,BISHOP AREA USES AND LOSSES(+) OR GAINS(-)
1143,BBFG,BIG BLACKROCK SPRINGS NATURAL FLOW
1144,BBPL,BIG BLACKROCK SPRINGS PUMPING LOSS
1145,BBSAN,BIG BLACKROCK SPRINGS (ACTUAL)-(NATURAL)
1146,BBSAO,BIG BLACKROCK SPRINGS ACTUAL OUTFLOW
1147,BBSWT,"""BIG BLACKROCK SPRINGS WELLS W351,W356"""
1148,BBWT,BIG BLACKROCK SPRINGS WELLS PRIOR TO 9/1/89
1149,BCA,BISHOP CREEK ACTUAL (NO BIRCH OR MCGEE)
1150,BCCFOR,BISHOP CREEK CANAL FLOW FROM OWENS RIVER
1151,BCFLA,BRALEY CREEK FLOW INTO L.A.A.
1152,BCPL,BAIRS CREEK PUMPING LOSS
1153,BCR,BISHOP CREEK RUNOFF
1154,BCWT,BAIRS CREEK WELL W353
1155,BGAQ,BAIRS-GEORGES AQUEDUCT PUMPED WATER
1156,BIRBPC,BISHOP IRRIGATION RETURNS TO BIG PINE CANAL
1157,BKCR,BAKER CREEK RUNOFF
1158,BLBFG,"""BISHOP, LAWS, BIG PINE FLOWING GROUNDWATER"""
1159,BLBGR,"""BISHOP, LAWS, BIG PINE GROUNDWATER RECHARGE"""
1160,BLBIN,"""BISHOP, LAWS, BIG PINE INDIAN LANDS"""
1161,BLBIR,"""BISHOP, LAWS, BIG PINE IRRIGATION"""
1162,BLBME,"""BISHOP, LAWS, BIG PINE ENHANCEMENT AND MITIGATION"""
1163,BLBOP,"""BISHOP, LAWS, BIG PINE OPERATIONS"""
1164,BLBR,"""BISHOP, LAWS, BIG PINE RUNOFF"""
1165,BLBRC,"""BISHOP, LAWS, BIG PINE RECREATION"""
1166,BLBRFG,"""BISHOP, LAWS, BIG PINE RUNOFF + FLOWING GROUNDWATER"""
1167,BLBSW,"""BISHOP, LAWS, BIG PINE STOCKWATER"""
1168,BLBTU,"""BISHOP, LAWS, BIG PINE TOTAL USES"""
1169,BLBTW,"""BISHOP, LAWS, BIG PINE DOMESTIC"""
1170,BLBUL,"""BISHOP, LAWS, BIG PINE USES AND LOSSES(+) OR GAINS(-)"""
1171,BMDBC,BIRCH & MCGEE CREEKS DIVERTED TO BISHOP CREEK
1172,BPAI,BIG PINE AREA ACTUAL INFLOW
1173,BPAQ,BIG PINE AREA AQUEDUCT PUMPED WATER
1174,BPAQT,BIG PINE AQUEDUCT AND DOMESTIC WELLS PRIOR TO 10/1/71
1175,BPB,BIG PINE CREEK BYPASS
1176,BPCI1,BIG PINE CANAL INFLOWS - INTAKE TO WELL 227
1177,BPCI2,BIG PINE CANAL INFLOWS - WELL 227 TO WELL 233
1178,BPCLPC,BIG PINE CREEK AND LITTLE PINE CREEK
1179,BPCO1,BIG PINE CANAL OUTFLOWS - INTAKE TO WELL 227
1180,BPCO2,BIG PINE CANAL OUTFLOWS - WELL 227 TO WELL 233
1181,BPCROR,BIG PINE CREEK RETURN TO OWENS RIVER
1182,BPCTF,BIG PINE CREEK TOTAL FLOW
1183,BPCTL1,BIG PINE CANAL TRANSIT LOSS - INTAKE TO WELL 227
1184,BPCTL2,BIG PINE CANAL TRANSIT LOSS - WELL 227 TO WELL 233
1185,BPDM,BIG PINE AREA DOMESTIC PUMPED WATER
1186,BPEM,BIG PINE AREA E&M PUMPED WATER
1187,BPFG,BIG PINE AREA FLOWING GROUNDWATER
1188,BPGR,BIG PINE GROUNDWATER RECHARGE
1189,BPGW,BIG PINE AREA GROUNDWATER
1190,BPIN,BIG PINE INDIAN LANDS
1191,BPIR,BIG PINE IRRIGATION
1192,BPIROR,BIG PINE IRRIGATION RETURNS TO OWENS RIVER
1193,BPME,BIG PINE ENHANCEMENT AND MITIGATION
1194,BPO,BIG PINE AREA OUTFLOW
1195,BPOP,BIG PINE OPERATIONS
1196,BPPW,BIG PINE AREA PUMPED WATER
1197,BPR,BIG PINE AREA RUNOFF
1198,BPRC,BIG PINE RECREATION
1199,BPRFG,BIG PINE AREA RUNOFF + FLOWING GROUNDWATER
1200,BPRGW,BIG PINE AREA RUNOFF + GROUNDWATER
1201,BPSW,BIG PINE STOCKWATER
1202,BPTU,BIG PINE AREA TOTAL USES
1203,BPTW,BIG PINE DOMESTIC
1204,BPUL,BIG PINE AREA USES AND LOSSES(+) OR GAINS(-)
1205,BRCL,BOUQUET RESERVOIR COMPLEX LOSSES
1206,CCFLA,CARROLL CREEK FLOW INTO L.A.A.
1207,CCR,COTTONWOOD CREEK RUNOFF
1208,CGHTL,COTTONWOOD GATES TO HAIWEE TRANSIT LOSS(+) OR GAINS(-)
1209,CWFLA,COTTONWOOD CREEK FLOW INTO L.A.A.
1210,DCFLA,DIAZ CREEK FLOW INTO L.A.A.
1211,DCPL,DIVISION CREEK PUMPING LOSS
1212,DCR,DIVISION CREEK RUNOFF
1213,DCW,"""DIVISION CREEK WELLS (W108,W109) PRIOR TO 10/01/71"""
1214,DCWT,"""DIVISION CREEK WELLS W108,W109,W370"""
1215,DIVCS,DIVISION CREEK CONE SPREADING
1216,FLTL,FAIRMONT TO LOS ANGELES TRANSIT LOSS
1217,FRCL,FAIRMONT RESERVOIR COMPLEX LOSSES
1218,FRTI,FAIRMONT RESERVOIR TOTAL INFLOW
1219,FSGR,FISH SPRINGS GROUNDWATER RECHARGE (FROM B.P. CANAL)
1220,FSGRT,BIG PINE CANAL DIVERSIONS PRIOR TO 4/1/90
1221,FSNF,FISH SPRINGS NATURAL FLOW
1222,FSW,FISH SPRINGS WELLS PRIOR TO 10/1/71
1223,FTC,L.A.A. TOTAL FLOW TO THE CITY
1224,GCDAS,GIBBS CREEK DIVERSIONS ABOVE STATION
1225,GCDAST,GIBBS CREEK DIVERSIONS PRIOR TO 4/1/90
1226,GCPL,GEORGES CREEK PUMPING LOSS
1227,GCR,GOODALE CREEK RUNOFF
1228,GCW,"""GEORGES CREEK WELLS (W076, W343) PRIOR TO 10/01/71"""
1229,GCWT,"""GEORGES CREEK WELLS W076,W343"""
1230,GDTD,GIROUX DITCH TOTAL DIVERSIONS
1231,GEOCS,GEORGES CREEK CONE SPREADING
1232,GLEIP,GRANT LAKE RESERVOIR EVAPORATION INC. PRECIPITATION
1233,GLEIPT,GRANT LAKE RESV. EVAP. INC. PRECIP. PRIOR TO 10/1/93
1234,GLEV,GRANT LAKE EVAPORATION AFTER 10/1/93
1235,GLPC,GRANT LAKE PRECIPITATION AFTER 10/1/93
1236,GLRML,GRANT LAKE RELEASE TO MONO LAKE
1237,GLTO,GRANT LAKE TOTAL OUTFLOW INCLUDING SPILL
1238,GOCDAS,GEORGES CREEK DIVERSIONS ABOVE STATION
1239,GOCR,GEORGES CREEK RUNOFF
1240,GODCS,GOODALE CREEK CONE SPREADING
1241,HCRRV,HORTON CREEK RETURN FROM ROUND VALLEY
1242,HFTL,HAIWEE TO FAIRMONT TRANSIT LOSS
1243,HF1TL,HAIWEE TO FAIRMONT L.A.A. #1 TRANSIT LOSS
1244,HF2TL,HAIWEE TO FAIRMONT L.A.A. #2 TRANSIT LOSS
1245,HLTL,HAIWEE TO LOS ANGELES TRANSIT LOSS
1246,HOGCS,HOGBACK CREEK CONE SPREADING
1247,HREIP,HAIWEE RESERVOIRS EVAPORATION INC. PRECIPITATION
1248,HREIPT,HAIWEE RESVS. EVAP. INC. PRECIP. PRIOR TO 10/1/93
1249,HREV,HAIWEE RESERVOIRS EVAPORATION AFTER 10/1/93
1250,HRPC,HAIWEE RESERVOIRS PRECIPITATION AFTER 10/1/93
1251,IAAQ,INDEPENDENCE AREA AQUEDUCT PUMPED WATER
1252,IADM,INDEPENDENCE DOMESTIC PUMPED WATER
1253,IAEM,INDEPENDENCE AREA E&M PUMPED WATER
1254,IAEMU,INDEPENDENCE AREA E&M USE
1255,IAFG,INDEPENDENCE AREA FLOWING WELLS
1256,IAFGT,INDEPENDENCE AREA FLOWING WELLS PRIOR TO 10/01/71
1257,IAPWT,INDEP AREA AQUEDUCT & DOMESTIC WELLS PRIOR TO 10/1/71
1258,ICDAS,INDEPENDENCE CREEK DIVERSIONS ABOVE STATION
1259,ICDAST,INDEPENDENCE CREEK DIVERSIONS PRIOR TO 5/1/93
1260,ICR,INDEPENDENCE CREEK RUNOFF
1261,IEMD,INDEPENDENCE E&M USE METER DIFFERENCE
1262,IEMU,INDEPENDENCE E&M USE
1263,INDCS,INDEPENDENCE CREEK CONE SPREADING
1264,IOAQ,INDEPENDENCE-OAK AQUEDUCT PUMPED WATER
1265,IOEM,INDEPENDENCE-OAK E&M PUMPED WATER
1266,IOPW,INDEPENDENCE-OAK PUMPED WATER
1267,LAAI,LAWS AREA ACTUAL INFLOW
1268,LAAQ,LAWS AREA AQUEDUCT PUMPED WATER
1269,LAAQT,LAWS AREA AQUEDUCT AND DOMESTIC WELLS PRIOR TO 10/1/71
1270,LADM,LAWS AREA DOMESTIC PUMPED WATER
1271,LAEM,LAWS AREA E&M PUMPED WATER
1272,LAEX,LAWS EXEMPT TOTALS
1273,LAFG,LAWS AREA FLOWING GROUNDWATER
1274,LAGR,LAWS AREA GROUNDWATER RECHARGE
1275,LAGW,LAWS AREA GROUNDWATER
1276,LAIR,LAWS AREA IRRIGATION
1277,LAME,LAWS AREA ENHANCEMENT AND MITIGATION
1278,LAO,LAWS AREA OUTFLOW
1279,LAOP,LAWS AREA OPERATIONS
1280,LAPW,LAWS AREA PUMPED WATER
1281,LAR,LAWS AREA RUNOFF
1282,LARFG,LAWS AREA RUNOFF + FLOWING GROUNDWATER
1283,LARGW,LAWS AREA RUNOFF + GROUNDWATER
1284,LASW,LAWS AREA STOCKWATER
1285,LATU,LAWS AREA TOTAL USES
1286,LATW,LAWS AREA DOMESTIC
1287,LAUL,LAWS AREA USES AND LOSSES(+) OR GAINS(-)
1288,LCFLA,LUBKIN CREEK FLOW INTO L.A.A.
1289,LOLU,LOWER OWENS RIVER PROJECT - LAKES AND PONDS USES
1290,LOOU,LOWER OWENS RIVER PROJECT - OPERATIONS
1291,LORPDU,LOWER OWENS RIVER - DELTA USES
1292,LORPRU,LOWER OWENS RIVER - RIVER USES
1293,LORPTU,LOWER OWENS RIVER PROJECT TOTAL USES
1294,LOWU,LOWER OWENS RIVER PROJECT - WATERFOWL USES
1295,LVAI,LONG VALLEY ACTUAL INFLOW
1296,LVAO,LONG VALLEY ACTUAL OUTFLOW
1297,LVCA,LEE VINING CREEK ACTUAL
1298,LVCR,LEE VINING CREEK RUNOFF
1299,LVEIP,LONG VALLEY RESERVOIR EVAPORATION INC. PRECIPITATION
1300,LVEIPT,LONG VALLEY RESV. EVAP. INC. PRECIP. PRIOR TO 1/1/94
1301,LVEV,LONG VALLEY EVAPORATION AFTER 1/1/94
1302,LVFG,LONG VALLEY FLOWING GROUNDWATER
1303,LVFGT,LONG VALLEY FLOWING GROUNDWATER + TUNNEL MAKE
1304,LVHTL,LONG VALLEY TO HAIWEE TRANSIT LOSS(+) OR GAINS(-)
1305,LVIR,LONG VALLEY IRRIGATION
1306,LVOP,LONG VALLEY OPERATIONS
1307,LVPC,LONG VALLEY PRECIPITATION AFTER 1/1/94
1308,LVPVTL,LONG VLY TO PLEASANT VLY TRANSIT LOSS(+) OR GAINS(-)
1309,LVR,LONG VALLEY RUNOFF
1310,LVRFG,LONG VALLEY RUNOFF + FLOWING GROUNDWATER
1311,LVRFGT,LONG VALLEY RUNOFF + FLOWING GW + TUNNEL MAKE
1312,LVSW,LONG VALLEY STOCKWATER
1313,LVTFG,LONG VALLEY TO TINEMAHA FLOWING GROUNDWATER
1314,LVTI,LONG VALLEY TRIBUTARY INFLOW
1315,LVTIFG,LONG VALLEY TRIBUTARY INFLOW + FLOWING GROUNDWATER
1316,LVTIR,LONG VALLEY TO TINEMAHA IRRIGATION
1317,LVTOP,LONG VALLEY TO TINEMAHA OPERATIONS
1318,LVTR,LONG VALLEY TO TINEMAHA RUNOFF
1319,LVTRC,LONG VALLEY TO TINEMAHA RECREATION
1320,LVTRFG,LONG VALLEY TO TINEMAHA RUNOFF + FLOWING GROUNDWATER
1321,LVTSW,LONG VALLEY TO TINEMAHA STOCKWATER
1322,LVTTU,LONG VALLEY TO TINEMAHA TOTAL USES
1323,LVTU,LONG VALLEY TOTAL USES
1324,LVTUL,LONG VALLEY TO TINEMAHA USES AND LOSSES(+) OR GAINS(-)
1325,LVU,LONG VALLEY UNIMPAIRED
1326,LVUL,LONG VALLEY USES AND LOSSES(+) OR GAINS(-)
1327,L1,MONITORING SITE TOTALS
1328,L2,MONITORING SITE TOTALS
1329,L3,MONITORING SITE TOTALS
1330,L4,MONITORING SITE TOTALS
1331,L5,MONITORING SITE TOTALS
1332,MBAI,MONO BASIN ACTUAL INFLOW
1333,MBIR,MONO BASIN IRRIGATION
1334,MBOP,MONO BASIN OPERATIONS
1335,MBR,MONO BASIN RUNOFF
1336,MBRML,MONO BASIN RELEASE TO MONO LAKE
1337,MBSCE,MONO BASIN STORAGE CHANGE (SO. CAL. EDISON)
1338,MBSW,MONO BASIN STOCKWATER
1339,MBTU,MONO BASIN TOTAL USES
1340,MBUL,MONO BASIN USES AND LOSSES(+) OR GAINS(-)
1341,MCDAST,MCGEE CREEK DIVERSIONS ABOVE STATION PRIOR TO 4/1/90
1342,MGCDAS,MCGEE CREEK DIVERSIONS ABOVE STATION
1343,MGCRLV,MCGEE CREEK RUNOFF (LONG VALLEY)
1344,MTM,MONO TUNNEL MAKE
1345,MTM40,MONO TUNNEL MAKE (40%)
1346,MTWP,MONO TUNNEL AT WEST PORTAL
1347,NHSHT,HAIWEE RESERVOIRS TOTAL STORAGE CHANGE
1348,NHSHTT,HAIWEE RESERVOIRS TOTAL STORAGE CHANGE PRIOR TO 8/1/65
1349,OCLAT,OAK CREEK AT L.A.A. TOTAL
1350,OCNFR,OAK CREEK (NORTH FORK) RUNOFF
1351,OCSFR,OAK CREEK (SOUTH FORK) RUNOFF
1352,OKNCS,OAK CREEK (NORTH FORK) CONE SPREADING
1353,OKSCS,OAK CREEK (SOUTH FORK) CONE SPREADING
1354,OLTU,OWENS LAKE TOTAL USES
1355,OMIR,OWENS VALLEY-MONO BASIN IRRIGATION
1356,OMOP,OWENS VALLEY-MONO BASIN OPERATIONS
1357,OMRFG,OWENS VALLEY-MONO BASIN RUNOFF + FLOWING GROUNDWATER
1358,OMSW,OWENS VALLEY-MONO BASIN STOCKWATER
1359,OMTU,OWENS VALLEY-MONO BASIN TOTAL USES
1360,OMUL,OWENS VALLEY-MONO BASIN USES AND LOSSES(+) OR GAINS(-)
1361,ORAEP,OWENS RIVER ABOVE EAST PORTAL
1362,ORAMCN,OWENS RIVER AT MCNALLY CANALS
1363,ORBEPT,OWENS RIVER BELOW EAST PORTAL TOTAL
1364,ORPVT,OWENS RIVER AT PLEASANT VALLEY TOTAL
1365,OVAQ,OWENS VALLEY AQUEDUCT PUMPED WATER
1366,OVDM,OWENS VALLEY DOMESTIC PUMPED WATER
1367,OVEM,OWENS VALLEY E&M PUMPED WATER
1368,OVFG,OWENS VALLEY FLOWING GROUNDWATER
1369,OVGR,OWENS VALLEY GROUNDWATER RECHARGE
1370,OVIN,OWENS VALLEY INDIAN LANDS
1371,OVIR,OWENS VALLEY IRRIGATION
1372,OVMBE,OWENS VALLEY-MONO BASIN SCE RESERVOIR STORAGE CHANGE
1373,OVMBL,OWENS VALLEY-MONO BASIN DWP RESERVOIR STORAGE CHANGE
1374,OVMBR,OWENS VALLEY-MONO BASIN RUNOFF
1375,OVMBRE,OWENS VALLEY-MONO BASIN DWP RESV. EVAP. INC. PRECIP.
1376,OVMBWA,OWENS VALLEY-MONO BASIN TOTAL WATER AVAILABLE
1377,OVMBWD,OWENS VALLEY-MONO BASIN TOTAL WATER DEMAND
1378,OVME,OWENS VALLEY ENHANCEMENT AND MITIGATION
1379,OVOP,OWENS VALLEY OPERATIONS
1380,OVPW,OWENS VALLEY PUMPED WATER
1381,OVR,OWENS VALLEY RUNOFF
1382,OVRC,OWENS VALLEY RECREATION
1383,OVRFG,OWENS VALLEY RUNOFF + FLOWING GROUNDWATER
1384,OVROLD,OWENS VALLEY RUNOFF - OLD MAINFRAME CALCULATION
1385,OVSW,OWENS VALLEY STOCKWATER
1386,OVTU,OWENS VALLEY TOTAL USES
1387,OVTW,OWENS VALLEY DOMESTIC
1388,OVUL,OWENS VALLEY USES AND LOSSES(+) OR GAINS(-)
1389,PCBCA,PINE CREEK AT BIRCHIM CANYON ACTUAL
1390,PCDAC,PARKER CREEK DIVERSIONS ABOVE CONDUIT
1391,PCR,PARKER CREEK RUNOFF
1392,PINCS,PINYON CREEK CONE SPREADING
1393,PSTF,LORP AT PUMPBACK STATION TOTAL FLOW
1394,PSTFA,LORP PUMPBACK STATION ADJUSTMENT (FROM 2/07 TO 9/09)
1395,PVTAQ,PLEASANT VALLEY TO TINEMAHA AQUEDUCT PUMPED WATER
1396,PVTDM,PLEASANT VALLEY TO TINEMAHA DOMESTIC PUMPED WATER
1397,PVTEM,PLEASANT VALLEY TO TINEMAHA E&M PUMPED WATER
1398,PVTI,PLEASANT VALLEY TO TINEMAHA INFLOW
1399,PVTO,PLEASANT VALLEY TO TINEMAHA OUTFLOW
1400,PVTPW,PLEASANT VALLEY TO TINEMAHA PUMPED WATER
1401,PVTTL,PLEASANT VLY TO TINEMAHA TRANSIT LOSS(+) OR GAINS(-)
1402,RCA,RUSH CREEK ACTUAL
1403,RCBCA,ROCK CREEK AT BIRCHIM CANYON ACTUAL
1404,RCBN,RUSH CREEK BELOW NARROWS
1405,RCBRD,RUSH CREEK BELOW MONO GATE #1 RETURN DITCH
1406,RCR,RUSH CREEK RUNOFF
1407,REDCS,RED MOUNTAIN CREEK CONE SPREADING
1408,RMCR,RED MOUNTAIN CREEK RUNOFF
1409,RVAI,ROUND VALLEY ACTUAL INFLOW
1410,RVFG,ROUND VALLEY FLOWING GROUNDWATER
1411,RVIR,ROUND VALLEY IRRIGATION
1412,RVO,ROUND VALLEY OUTFLOW
1413,RVOP,ROUND VALLEY OPERATIONS
1414,RVR,ROUND VALLEY RUNOFF
1415,RVRC,ROUND VALLEY RECREATION
1416,RVRFG,ROUND VALLEY RUNOFF + FLOWING GROUNDWATER
1417,RVSW,ROUND VALLEY STOCKWATER
1418,RVTU,ROUND VALLEY TOTAL USES
1419,RVUL,ROUND VALLEY USES AND LOSSES(+) OR GAINS(-)
1420,SAWCS,SAWMILL CREEK CONE SPREADING
1421,SCCR,SILVER CANYON CREEK RUNOFF
1422,SCEMU,SHEPHERDS CREEK E&M USE
1423,SCLAT,SHEPHERDS CREEK AT L.A.A. TOTAL
1424,SCPL,SHEPHERDS CREEK PUMPING LOSS
1425,SCWT,SHEPHERDS CREEK WELL W345 & W402 RETURN
1426,SHECS,SHEPHERDS CREEK CONE SPREADING
1427,SHL1O,SOUTH HAIWEE L.A.A. #1 OUTFLOW (1+3+BP)
1428,SHTO,SOUTH HAIWEE TOTAL OUTFLOW (1+2+3+BP)
1429,SSAQ,SYMMES-SHEPHERD AQUEDUCT PUMPED WATER
1430,SSEM,SYMMES-SHEPHERD E&M PUMPED WATER
1431,SSPW,SYMMES-SHEPHERD PUMPED WATER
1432,SWMW,"""SAWMILL CREEK WELLS (W155,W159) PRIOR TO 10/01/71"""
1433,SWMWT,"""SAWMILL CREEK WELLS W155,W159"""
1434,SWPL,SAWMILL CREEK PUMPING LOSS
1435,SYCR,SYMMES CREEK RUNOFF
1436,SYMCS,SYMMES CREEK CONE SPREADING
1437,TAAQ,TABOOSE-ABERDEEN AQUEDUCT PUMPED WATER
1438,TAAV,TINEMAHA TO ALABAMA GATES W/O LAA AVAILABLE WATER
1439,TABCS,TABOOSE CREEK CONE SPREADING
1440,TAETI,TINEMAHA TO ALABAMA GATES E/O LAA TOTAL INFLOW
1441,TAEUL,TIN TO ALB GATES E/O LAA USES AND LOSSES(+) OR GAINS(-)
1442,TAGAR,TINEMAHA TO ALABAMA GATES AQUEDUCT RELEASE
1443,TAGC,TIN-ALAB GATES W/O LAA GROUNDWATER CONTRIBUTION TO LAA
1444,TAGTL,TINEMAHA TO ALABAMA GATES TRANSIT LOSS(+) OR GAINS(-)
1445,TAGWRC,TIN-ALAB GATES W/O LAA GROUNDWATER RECHARGE
1446,TAGWRP,TIN-ALAB GATES GRND WTR RECHG PRIOR TO 5/1/93
1447,TAPL,TIN-ALAB GATES W/O LAA PUMP LOSS IN CREEKS
1448,TAPLA,TIN-ALAB GATES PUMPING LOSS IN AQUEDUCT (5% OF TAWWPA)
1449,TAPWC,TIN-ALAB GATES W/O LAA PUMPED WATER IN CREEKS
1450,TASC,TIN-ALABAMA GATES W/O LAA SURFACE CONTRIBUTION
1451,TATPL,TIN-ALAB GATES PUMPING LOSS (INDEPENDENCE AREA)
1452,TAUL-G,TIN-ALAB GATES W/O LAA USES AND LOSSES - GWRC
1453,TAWR,TINEMAHA TO ALABAMA GATES W/O LAA RUNOFF
1454,TAWUL,TIN-ALAB GATES W/O LAA USES AND LOSSES(+) OR GAINS(-)
1455,TAWWPA,TIN-ALAB GATES W/O LAA WATER PUMPED INTO AQUEDUCT
1456,TCDAS,TABOOSE CREEK DIVERSIONS ABOVE STATION
1457,TCFLA,TUTTLE CREEK FLOW INTO L.A.A.
1458,TCFLAP,TUTTLE CREEK FLOW INTO L.A.A. PRIOR TO 4/1/90
1459,TCI218,TINEMAHA CREEK INFLOW FROM W218 AFTER 8/1/93
1460,TCPL,TABOOSE CREEK PUMPING LOSS
1461,TCR,TABOOSE CREEK RUNOFF
1462,TCRTR,TINEMAHA CREEK RETURN AT TINEMAHA RESERVOIR
1463,TCW,"""TABOOSE CREEK WELLS (W116,W342,W347) PRIOR TO 10/01/71"""
1464,TCWT,"""TABOOSE CREEK WELLS W116,W342,W347"""
1465,TEEM,TINEMAHA TO ALABAMA GATES E/O LAA E&M PUMPED WATER
1466,TEFD,TULE ELK FIELD DIVERSION AFTER 8/1/93
1467,TEFG,TINEMAHA TO ALABAMA GATES E/O LAA FLOWING GROUNDWATER
1468,TEGR,TIN TO ALAB GATES E/O LAA GROUNDWATER RECHARGE
1469,TEIR,TINEMAHA TO ALABAMA GATES E/O LAA IRRIGATION
1470,TEMB41,METER DIFFERENCES - INDEP PASTURE NATIVE VEG E&M
1471,TEME,TIN TO ALAB GATES E/O LAA ENHANCEMENT AND MITIGATION
1472,TEME12,WELL 383 RETURN TO L.A.A.
1473,TEME13,WELL 384 RETURN TO L.A.A.
1474,TEOP,TINEMAHA TO ALABAMA GATES E/O LAA OPERATIONS
1475,TERC,TINEMAHA TO ALABAMA GATES E/O LAA RECREATION
1476,TESW,TINEMAHA TO ALABAMA GATES E/O LAA STOCKWATER
1477,TETU,TINEMAHA TO ALABAMA GATES E/O LAA TOTAL USES
1478,THCDAS,THIBAUT CREEK DIVERSIONS ABOVE STATION
1479,THCR,THIBAUT CREEK RUNOFF
1480,THDAST,THIBAUT CREEK DIVERSIONS PRIOR TO 4/1/90
1481,THDM,TINEMAHA TO HAIWEE DOMESTIC PUMPED WATER
1482,THEIR,TINEMAHA TO HAIWEE E/O LAA IRRIGATION
1483,THEM,TINEMAHA TO HAIWEE E&M PUMPED WATER
1484,THEMC4,METER DIFFERENCES - INDEP WOODLOT E&M
1485,THEMD1,WELL 065 E&M IRRIGATION NORTH
1486,THEMD4,METER DIFFERENCES - INDEP PASTURE E&M
1487,THEME,TINEMAHA TO HAIWEE E/O LAA ENHANCEMENT AND MITIGATION
1488,THEOP,TINEMAHA TO HAIWEE E/O LAA OPERATIONS
1489,THERC,TINEMAHA TO HAIWEE E/O LAA RECREATION
1490,THESW,TINEMAHA TO HAIWEE E/O LAA STOCKWATER
1491,THETU,TINEMAHA TO HAIWEE E/O LAA TOTAL USES
1492,THEUL,TINEMAHA-HAIWEE E/O LAA USES AND LOSSES(+) OR GAINS(-)
1493,THICS,THIBAUT CREEK CONE SPREADING
1494,THIS,THIBAUT SPILLGATES
1495,THIST,THIBAUT SPILLGATES PRIOR TO 4/1/90
1496,THOS,TINEMAHA TO HAIWEE AQUEDUCT RELEASE
1497,THPW,TINEMAHA TO HAIWEE PUMPED WATER
1498,THRFG,TINEMAHA TO HAIWEE RUNOFF + FLOWING GROUNDWATER
1499,THTL,TINEMAHA TO HAIWEE TRANSIT LOSS(+) OR GAINS(-)
1500,THUL-G,TINEMAHA TO HAIWEE W/O LAA USES AND LOSSES - GWRC
1501,THWIR,TINEMAHA TO HAIWEE W/O LAA IRRIGATION
1502,THWME,TINEMAHA TO HAIWEE W/O LAA ENHANCEMENT AND MITIGATION
1503,THWOP,TINEMAHA TO HAIWEE W/O LAA OPERATIONS
1504,THWR,TINEMAHA TO HAIWEE W/O LAA RUNOFF
1505,THWRC,TINEMAHA TO HAIWEE W/O LAA RECREATION
1506,THWSW,TINEMAHA TO HAIWEE W/O LAA STOCKWATER
1507,THWTU,TINEMAHA TO HAIWEE W/O LAA TOTAL USES
1508,THWUL,TINEMAHA-HAIWEE W/O LAA USES AND LOSSES(+) OR GAINS(-)
1509,TINCS,TINEMAHA CREEK CONE SPREADING
1510,TREIP,TINEMAHA RESERVOIR EVAPORATION INC. PRECIPITATION
1511,TREIPT,TINEMAHA RESV. EVAP. INC. PRECIP. PRIOR TO 10/1/93
1512,TREV,TINEMAHA RESERVOIR EVAPORATION AFTER 10/1/93
1513,TRI,TINEMAHA RESERVOIR INFLOW
1514,TRO,TINEMAHA RESERVOIR OUTFLOW
1515,TRPC,TINEMAHA RESERVOIR PRECIPITATION AFTER 10/1/93
1516,TSAQ,THIBAUT-SAWMILL AQUEDUCT PUMPED WATER
1517,TSEM,THIBAUT-SAWMILL E&M PUMPED WATER
1518,TSPW,THIBAUT-SAWMILL PUMPED WATER
1519,TWFG,TINEMAHA TO ALABAMA GATES W/O LAA FLOWING GROUNDWATER
1520,TWGW,TINEMAHA TO ALABAMA GATES W/O LAA GROUNDWATER
1521,TWIN,TINEMAHA TO ALABAMA GATES W/O LAA INDIAN LANDS
1522,TWIR,TINEMAHA TO ALABAMA GATES W/O LAA IRRIGATION
1523,TWME,TINEMAHA TO ALAB W/O LAA ENHANCEMENT AND MITIGATION
1524,TWOP,TINEMAHA TO ALABAMA GATES W/O LAA OPERATIONS
1525,TWPW,TINEMAHA TO ALABAMA GATES W/O LAA PUMPED WATER
1526,TWRC,TINEMAHA TO ALABAMA GATES W/O LAA RECREATION
1527,TWRFG,TINEMAHA TO ALABAMA GATES W/O LAA RUNOFF + FLOWING GW
1528,TWRGW,TINEMAHA TO ALABAMA GATES W/O LAA RUNOFF + GROUNDWATER
1529,TWSW,TINEMAHA TO ALABAMA GATES W/O LAA STOCKWATER
1530,TWTU,TINEMAHA TO ALABAMA GATES W/O LAA TOTAL USES
1531,TWTW,TINEMAHA TO ALABAMA GATES W/O LAA DOMESTIC
1532,WCR,WALKER CREEK RUNOFF
1533,WFAT,WELL FIELD AQUEDUCT TOTAL - BISHOP
1534,WFATBP,WELL FIELD AQUEDUCT TOTAL - BIG PINE
1535,WFATLA,WELL FIELD AQUDUCT PUMPING - LAWS AREA
1536,WFTP,WELL FIELD TOTAL PUMPED WATER
1537,WPBCWU,WALKER AND PARKER CREEKS BELOW CONDUIT WATER USES
1538,121,N.HAIWEE RESERVOIR ELEV.@ MERRIT CUT DAM
1539,163,TINEMAHA RESERVOIR ELEV .@ OUTLET TOWER
1540,165,S.HAIWEE RESERVOIR ELEV.@ OUTLET TOWER
1541,320,HAIWEE RESERVOIR STORAGE (TO MAY 1965)
1542,3326,PLEASANT VALLEY RESERVOIR ELEVATION
1543,3347,BISHOP CREEK STORAGE (SO. CAL. EDISON)
1544,4070,LONG VALLEY RESERVOIR ELEVATION
1545,5045,GRANT LAKE RESERVIOR ELEVATION
1546,5172,RUSH CREEK STORAGE (SO. CAL. EDISON)
1547,5173,LEE VINING CREEK STORAGE (SO. CAL. EDISON)
1548,9011,FAIRMONT RESERVOIR NO. 2 ELEVATION
1549,9012,BOUQUET RESERVOIR ELEVATION (INCLINED TOWER)
1550,9014,FAIRMONT RESERVOIR NO. 1 ELEVATION
1551,9015,BOUQUET RESERVOIR ELEVATION (VERTICAL TOWER)
1552,9016,DRY CANYON RESERVOIR ELEVATION
1553,W422,Well No. 422
1554,W423,Well No. 423
1555,W424,Well No. 424
1556,106,Independence Town Pressure at Pavilian St & Lilly Alley
1557,409,Lone Pine FFA Irrigation Diversion
1558,2174,Big Pine NE Regreening Pump
1559,3421,Bishop - Tom Key Ditch above diversion
1560,3422,Bishop - Tom Key Ditch below diversion
1561,W425,Well No. 425 - Van Norman E&M - LP
1562,V169,V169 - Independence
1563,2092,Big Pine Canal Diversion #30B
1564,3130,Silver Cr Reveg Pump Plant
1565,W415,"BP Domestic, replace W341?"
1566,134,Black Canyon Cr @ Hwy
1567,141,George Cr Spreading Diversion #7
1568,198,Black Rock Ditch Diversion #6
1569,199,Black Rock Ditch Diversion #7
1570,206,Black Rock Ditch Diversion #11
1571,207,Black Rock Ditch Diversion #12
1572,235,S. Haiwee Bypass Channel
1573,260,Shepherds Cr Spreading Diversion #4
1574,262,Shepherds Cr Spreading Diversion #5N
1575,376,Sawmill Cr Spreading Diversion #5
1576,377,O.H. over LAA - Lone Pine
1577,410,S. Haiwee Dr #3 Return
1578,411,McIver Canal
1579,412,Eclipse (Eastside Ditch)
1580,2086,Drain Div to Arkansas Flats
1581,2137,Big Pine Diversion #29
1582,3063,Duggan Ditch Flow Through
1583,3423,C-Drain Bypass Ponds @ BCC
1584,3424,McLaren Tailwater
1585,3425,Ford Rawson Diversion #2
1586,3426,Forest Service Div @ Kingsley Ditch
1587,3427,Rawson Canal Below Duck Pond
1588,3428,Owens River Canal
